Name,Brand,Category,Stability,Speed,Glide,Turn,Fade,URL,ThumbnailURL
CD,Discmania,Distance Drivers,Overstable,10.0,4.8,-0.9,2.0,https://infinitediscs.com/Discmania-CD-Craze,https://infinitediscs.com/Inf_Uploads/Disc_Images/DI-2_DSC00265.jpg
CD3,Discmania,Distance Drivers,Overstable,10.9,5.0,-1.0,2.1,https://infinitediscs.com/Discmania-CD3,https://infinitediscs.com/Inf_Uploads/Disc_Images/DI-2_7c51fe-723f.JPG
DD,Discmania,Distance Drivers,Overstable,11.1,4.9,0.0,2.1,https://infinitediscs.com/Discmania-DD-Hysteria,https://infinitediscs.com/Inf_Uploads/Disc_Images/DI-2_DSC00268.jpg
DD2,Discmania,Distance Drivers,Neutral,12.9,4.9,-2.0,2.0,https://infinitediscs.com/Discmania-DD2-Frenzy,https://infinitediscs.com/Inf_Uploads/Disc_Images/DI-2_DSC00273.jpg
DD3,Discmania,Distance Drivers,Overstable,12.0,5.0,-1.0,3.0,https://infinitediscs.com/Discmania-DD3,https://infinitediscs.com/Inf_Uploads/Disc_Images/DI-2_SLINEDD3.JPG
DDx,Discmania,Distance Drivers,Overstable,12.0,5.8,-1.1,2.0,https://infinitediscs.com/Discmania-DDx,https://infinitediscs.com/Inf_Uploads/Disc_Images/DI-2_c69c03-0e34.JPG
Enigma,Discmania,Distance Drivers,Overstable,12.1,5.1,-1.0,2.1,https://infinitediscs.com/Discmania-Evolution-Enigma,https://infinitediscs.com/Inf_Uploads/Disc_Images/DI-2_afbb43-a62b.JPG
Mentor,Discmania,Distance Drivers,Neutral,11.0,5.0,-1.7,2.1,https://infinitediscs.com/Discmania-Mentor,https://infinitediscs.com/Inf_Uploads/Disc_Images/DI-2_unnamed16.jpg
PD,Discmania,Distance Drivers,Overstable,9.9,4.1,0.0,3.0,https://infinitediscs.com/Discmania-PD-Freak,https://infinitediscs.com/Inf_Uploads/Disc_Images/DI-2_DSC09553.jpg
PD2,Discmania,Distance Drivers,Very Overstable,12.0,4.1,0.0,3.9,https://infinitediscs.com/Discmania-PD2-Chaos,https://infinitediscs.com/Inf_Uploads/Disc_Images/DI-2_DSC03857.jpg
PD3,Discmania,Distance Drivers,Very Overstable,11.0,3.0,-0.1,5.0,https://infinitediscs.com/Discmania-PD3,https://infinitediscs.com/Inf_Uploads/Disc_Images/DI-2_Infinite8_6.jpg
PDx,Discmania,Distance Drivers,Overstable,10.9,4.0,-0.1,3.0,https://infinitediscs.com/Discmania-PDx,https://infinitediscs.com/Inf_Uploads/Disc_Images/DI-2_asdf123_1.JPG
TD,Discmania,Distance Drivers,Understable,10.0,5.8,-1.8,1.1,https://infinitediscs.com/Discmania-TD-Rush,https://infinitediscs.com/Inf_Uploads/Disc_Images/DI-2_DSC00309.jpg
TD2 Fever,Discmania,Distance Drivers,Very Understable,10.0,5.1,-3.6,1.1,https://infinitediscs.com/Discmania-TD2-Fever,https://infinitediscs.com/Inf_Uploads/Disc_Images/DI-2_DSC00311.jpg
TDx,Discmania,Distance Drivers,Understable,9.0,5.0,-2.8,1.1,https://infinitediscs.com/Discmania-TDx,https://infinitediscs.com/Inf_Uploads/Disc_Images/DI-2_d69e5c-1267.JPG
CD2,Discmania,Control Drivers,Overstable,9.1,5.0,-1.0,2.0,https://infinitediscs.com/Discmania-CD2,https://infinitediscs.com/Inf_Uploads/Disc_Images/DI-2_3f874c-376a.JPG
Essence,Discmania,Control Drivers,Understable,8.0,6.0,-2.0,1.0,https://infinitediscs.com/Discmania-Essence,https://infinitediscs.com/Inf_Uploads/Disc_Images/DI-2_db39d5-81df.JPG
FD,Discmania,Control Drivers,Neutral,7.0,5.9,-1.0,1.1,https://infinitediscs.com/Discmania-FD,https://infinitediscs.com/Inf_Uploads/Disc_Images/DI-2_12235911-f169-47ca-9ca2-cfeb666748ffDSC08276.JPG
FD2,Discmania,Control Drivers,Overstable,7.0,4.1,0.0,2.1,https://infinitediscs.com/Discmania-FD2,https://infinitediscs.com/Inf_Uploads/Disc_Images/DI-2_402c32-4390.JPG
FD3,Discmania,Control Drivers,Overstable,9.0,4.1,0.0,3.0,https://infinitediscs.com/Discmania-FD3,https://infinitediscs.com/Inf_Uploads/Disc_Images/DI-2_DSC00279.jpg
Genius,Discmania,Control Drivers,Very Understable,7.2,5.0,-4.0,1.0,https://infinitediscs.com/Discmania-Genius,https://infinitediscs.com/Inf_Uploads/Disc_Images/DI-2_unnamed18.jpg
Instinct,Discmania,Control Drivers,Overstable,7.2,5.2,-0.1,2.0,https://infinitediscs.com/Discmania-Instinct,https://infinitediscs.com/Inf_Uploads/Disc_Images/DI-2_4e7e27-e707.JPG
Magician,Discmania,Control Drivers,Overstable,6.0,4.0,0.0,2.0,https://infinitediscs.com/Discmania-Magician,https://infinitediscs.com/Inf_Uploads/Disc_Images/DI-2_unnamed17.jpg
Gremlin GM,Discmania,Mid Range,Overstable,5.1,4.0,0.0,2.0,https://infinitediscs.com/Discmania-Gremlin-GM,https://infinitediscs.com/Inf_Uploads/Disc_Images/DI-2_7497e548-6801-4065-a048-f21294471e69Discmania GM S-Line.jpg
Maestro,Discmania,Mid Range,Overstable,4.0,2.9,-0.1,1.9,https://infinitediscs.com/Discmania-Maestro,https://infinitediscs.com/Inf_Uploads/Disc_Images/DI-2_unnamed15.jpg
MD,Discmania,Mid Range,Neutral,4.0,5.0,-0.1,0.1,https://infinitediscs.com/Discmania-MD,https://infinitediscs.com/Inf_Uploads/Disc_Images/DI-2_DSC03840.jpg
MD1,Discmania,Mid Range,Overstable,4.0,4.0,0.0,2.0,https://infinitediscs.com/Discmania-MD1,https://infinitediscs.com/Inf_Uploads/Disc_Images/DI-2_24293157-56c6-4b1d-bbfb-3ed086d86039Discmania MD1 S-Line.jpg
MD2,Discmania,Mid Range,Overstable,4.0,5.0,-0.2,1.9,https://infinitediscs.com/Discmania-MD2-Fiend,https://infinitediscs.com/Inf_Uploads/Disc_Images/DI-2_DSC00290.jpg
MD3,Discmania,Mid Range,Overstable,5.0,5.0,-0.1,2.4,https://infinitediscs.com/Discmania-MD3,https://infinitediscs.com/Inf_Uploads/Disc_Images/DI-2_549280-1e66.JPG
MD4,Discmania,Mid Range,Overstable,5.0,4.1,-0.1,2.9,https://infinitediscs.com/Discmania-MD4,https://infinitediscs.com/Inf_Uploads/Disc_Images/DI-2_asdfasdf_65.JPG
MD5,Discmania,Mid Range,Very Overstable,5.0,3.1,0.0,4.0,https://infinitediscs.com/Discmania-MD5,https://infinitediscs.com/Inf_Uploads/Disc_Images/DI-2_FirstRun.JPG
Method,Discmania,Mid Range,Overstable,5.0,5.0,0.0,2.9,https://infinitediscs.com/Discmania-Method,https://infinitediscs.com/Inf_Uploads/Disc_Images/DI-2_5d3eb8-d207.JPG
Origin,Discmania,Mid Range,Neutral,5.0,5.1,-1.1,1.0,https://infinitediscs.com/Discmania-Origin,https://infinitediscs.com/Inf_Uploads/Disc_Images/DI-2_716c59-1b0f.jpg
Link,Discmania,Putters,Overstable,2.0,3.1,0.0,1.0,https://infinitediscs.com/Discmania-Link,https://infinitediscs.com/Inf_Uploads/Disc_Images/DI-2_baf005-fcd0.JPG
P1,Discmania,Putters,Neutral,2.1,3.1,-0.1,0.1,https://infinitediscs.com/Discmania-P1,https://infinitediscs.com/Inf_Uploads/Disc_Images/DI-2_DSC00295.jpg
P1X,Discmania,Putters,Neutral,2.1,3.0,-0.1,0.5,https://infinitediscs.com/Discmania-P1X,https://infinitediscs.com/Inf_Uploads/Disc_Images/DI-2_DSC00298.jpg
P2,Discmania,Putters,Overstable,2.0,3.1,0.0,1.2,https://infinitediscs.com/Discmania-P2,https://infinitediscs.com/Inf_Uploads/Disc_Images/DI-2_bbcb65-8bbb.JPG
P3,Discmania,Putters,Overstable,3.0,4.3,0.0,2.7,https://infinitediscs.com/Discmania-P3,https://infinitediscs.com/Inf_Uploads/Disc_Images/DI-2_DSC00300.jpg
P3x,Discmania,Putters,Overstable,3.0,2.2,0.0,2.6,https://infinitediscs.com/Discmania-P3x,https://infinitediscs.com/Inf_Uploads/Disc_Images/DI-2_ppppppppp.JPG
Sensei,Discmania,Putters,Overstable,2.8,3.0,0.0,1.1,https://infinitediscs.com/Discmania-Sensei,https://infinitediscs.com/Inf_Uploads/Disc_Images/DI-2_unnamed14.jpg
Tactic,Discmania,Putters,Overstable,4.0,2.1,0.0,3.0,https://infinitediscs.com/Discmania-Tactic,https://infinitediscs.com/Inf_Uploads/Disc_Images/DI-2_exohard.JPG
Avenger,Discraft,Distance Drivers,Overstable,9.9,4.8,0.0,2.9,https://infinitediscs.com/Discraft-Avenger,https://infinitediscs.com/Inf_Uploads/Disc_Images/DI-2_269af0cf-2e0f-45e2-b2f2-b0d033daea96Discraft Avenger Pro-D.jpg
Avenger SS,Discraft,Distance Drivers,Understable,9.8,4.9,-2.9,1.0,https://infinitediscs.com/Discraft-Avenger-SS,https://infinitediscs.com/Inf_Uploads/Disc_Images/DI-2_bdd66a51-d541-4c9c-b7c0-9ffa3ce0a869Discraft Avenger SS Pro D.jpg
Crank,Discraft,Distance Drivers,Overstable,12.3,5.0,-1.4,2.0,https://infinitediscs.com/Discraft-Crank,https://infinitediscs.com/Inf_Uploads/Disc_Images/DI-2_89716990-e154-4dae-a33d-c070abeaa01cproDCrank.JPG
Crank SS,Discraft,Distance Drivers,Understable,12.6,4.7,-2.8,1.8,https://infinitediscs.com/Discraft-Crank-SS,https://infinitediscs.com/Inf_Uploads/Disc_Images/DI-2_72bd717c-d420-47ae-8d2d-34c88685c37cDSC07330.JPG
Crush,Discraft,Distance Drivers,Very Overstable,11.1,5.0,-0.1,3.8,https://infinitediscs.com/Discraft-Crush,https://infinitediscs.com/Inf_Uploads/Disc_Images/DI-2_a29d8abc-386a-4e85-948b-e078e7e56abbDiscraft Crush ESP.jpg
Flash,Discraft,Distance Drivers,Overstable,10.0,5.0,-1.9,2.9,https://infinitediscs.com/Discraft-Flash,https://infinitediscs.com/Inf_Uploads/Disc_Images/DI-2_4a690e9e-ecb2-4720-b996-9b7e24c448e5Discraft Flash ESP.jpg
Flick,Discraft,Distance Drivers,Very Overstable,10.0,3.5,0.9,4.3,https://infinitediscs.com/Discraft-Flick,https://infinitediscs.com/Inf_Uploads/Disc_Images/DI-2_6d93bbe3-cba7-469a-ad2f-93b3f0330a11Discraft Flick Elite Z.jpg
Force,Discraft,Distance Drivers,Overstable,12.0,4.9,0.0,3.2,https://infinitediscs.com/Discraft-Force,https://infinitediscs.com/Inf_Uploads/Disc_Images/DI-2_ed180ba5-c967-4328-9430-86da6eada6afDiscraft Force Elite Z.jpg
Hades,Discraft,Distance Drivers,Understable,12.0,6.0,-3.0,1.9,https://infinitediscs.com/Discraft-Hades,https://infinitediscs.com/Inf_Uploads/Disc_Images/DI-2_640762-7cb5.jpg
Machete,Discraft,Distance Drivers,Very Overstable,10.6,3.7,0.1,3.9,https://infinitediscs.com/Discraft-Machete,https://infinitediscs.com/Inf_Uploads/Disc_Images/DI-2_c85393-4232.JPG
Nuke,Discraft,Distance Drivers,Overstable,13.0,4.9,-1.0,3.0,https://infinitediscs.com/Discraft-Nuke,https://infinitediscs.com/Inf_Uploads/Disc_Images/DI-2_7d318a7b-02ac-4af0-9672-851f5959a6cbDiscraft Nuke Pro D.jpg
Nuke OS,Discraft,Distance Drivers,Very Overstable,13.0,4.0,0.0,4.1,https://infinitediscs.com/Discraft-Nuke-OS,https://infinitediscs.com/Inf_Uploads/Disc_Images/DI-2_e06df393-b50d-47a7-baf7-c4db8dcf2203Nuke-OS-Elite-Z-Dyed.jpg
Nuke SS,Discraft,Distance Drivers,Neutral,13.0,5.0,-3.0,2.9,https://infinitediscs.com/Discraft-Nuke-SS,https://infinitediscs.com/Inf_Uploads/Disc_Images/DI-2_71b31467-7092-493d-a478-61b2891f1198100_4869.JPG
Pulse,Discraft,Distance Drivers,Overstable,10.9,3.9,0.0,3.0,https://infinitediscs.com/Discraft-Pulse,https://infinitediscs.com/Inf_Uploads/Disc_Images/DI-2_e005ab8c-62ed-4022-b61a-32eba1e423c1Discraft Pulse ESP.jpg
Punisher,Discraft,Distance Drivers,Overstable,11.9,4.9,-0.3,2.9,https://infinitediscs.com/Discraft-Punisher,https://infinitediscs.com/Inf_Uploads/Disc_Images/DI-2_DSC04372.JPG
Spectra,Discraft,Distance Drivers,Neutral,11.8,4.9,-2.0,2.0,https://infinitediscs.com/Discraft-Spectra,https://infinitediscs.com/Inf_Uploads/Disc_Images/DI-2_53a74fbb-0ea6-45de-9776-a90234b5517aDiscraft Spectra SuperColor.jpg
Surge,Discraft,Distance Drivers,Overstable,11.0,5.0,-1.0,2.9,https://infinitediscs.com/Discraft-Surge,https://infinitediscs.com/Inf_Uploads/Disc_Images/DI-2_b1176999-fe7a-4df8-ad09-c2540264d328Discraft Surge Pro D.jpg
Surge SS,Discraft,Distance Drivers,Overstable,11.0,4.9,-1.1,2.0,https://infinitediscs.com/Discraft-Surge-SS,https://infinitediscs.com/Inf_Uploads/Disc_Images/DI-2_610d3ca8-7ddd-4e60-9b26-96069d6cea49Discraft Surge SS Elite Z.jpg
Thrasher,Discraft,Distance Drivers,Understable,11.9,5.1,-2.8,1.9,https://infinitediscs.com/Discraft-Thrasher,https://infinitediscs.com/Inf_Uploads/Disc_Images/DI-2_DSC07350.JPG
Wildcat,Discraft,Distance Drivers,Overstable,11.0,5.0,-2.0,3.0,https://infinitediscs.com/Discraft-Wildcat,https://infinitediscs.com/Inf_Uploads/Disc_Images/DI-2_1661e4a1-3b22-48f4-af64-3d10c5bed332Wildcat-Elite-X.jpg
Zeus,Discraft,Distance Drivers,Overstable,12.0,5.0,-0.9,3.0,https://infinitediscs.com/Discraft-Zeus,https://infinitediscs.com/Inf_Uploads/Disc_Images/DI-2_Infinite4_9.JPG
Anax,Discraft,Control Drivers,Overstable,10.0,5.8,-0.1,2.9,https://infinitediscs.com/Discraft-Anax,https://infinitediscs.com/Inf_Uploads/Disc_Images/DI-2_707d92-c4a4.JPG
Cyclone,Discraft,Control Drivers,Overstable,7.0,4.2,-1.0,2.8,https://infinitediscs.com/Discraft-Cyclone,https://infinitediscs.com/Inf_Uploads/Disc_Images/DI-2_4b1062d3-a342-423e-8e57-f0784e3315b4Discraft Cyclone ESP.jpg
Eclipse,Discraft,Control Drivers,Neutral,6.8,5.0,-2.0,1.9,https://infinitediscs.com/Discraft-Eclipse,https://infinitediscs.com/Inf_Uploads/Disc_Images/DI-2_a3f1e3-da50.JPG
Heat,Discraft,Control Drivers,Understable,9.0,5.7,-2.9,1.0,https://infinitediscs.com/Discraft-Heat,https://infinitediscs.com/Inf_Uploads/Disc_Images/DI-2_dcb1bdfe-cc08-4261-ba9e-8127ce857e52Elite Z Heat.jpg
Mantis,Discraft,Control Drivers,Neutral,8.0,4.5,-1.5,1.9,https://infinitediscs.com/Discraft-Mantis,https://infinitediscs.com/Inf_Uploads/Disc_Images/DI-2_9a412a1e-10df-4efc-bb00-e408478118f0100_4871.JPG
Predator,Discraft,Control Drivers,Very Overstable,9.0,4.0,-0.1,4.0,https://infinitediscs.com/Discraft-Predator,https://infinitediscs.com/Inf_Uploads/Disc_Images/DI-2_dcb7e717-6318-4b90-bfda-5f849cec0574Discraft Predator Elite Z.jpg
Raptor,Discraft,Control Drivers,Overstable,9.0,4.0,0.0,3.0,https://infinitediscs.com/Discraft-Raptor,https://infinitediscs.com/Inf_Uploads/Disc_Images/DI-2_573746-0481.JPG
Reaper,Discraft,Control Drivers,Very Overstable,8.0,3.2,-0.1,3.7,https://infinitediscs.com/Discraft-Reaper,https://infinitediscs.com/Inf_Uploads/Disc_Images/DI-2_eb4afeda-14e1-47ed-bc04-d55db3f16a7bDSC00831.JPG
Stalker,Discraft,Control Drivers,Overstable,7.3,4.9,-1.0,1.6,https://infinitediscs.com/Discraft-Stalker,https://infinitediscs.com/Inf_Uploads/Disc_Images/DI-2_a2b7c7bc-636b-45f7-825c-b36925ad8f8eDiscraft Stalker Elite Z.jpg
Sting,Discraft,Control Drivers,Understable,6.8,4.9,-2.2,0.9,https://infinitediscs.com/Discraft-Sting,https://infinitediscs.com/Inf_Uploads/Disc_Images/DI-2_145d17-6797.JPG
Talon,Discraft,Control Drivers,Very Overstable,8.0,3.0,1.0,3.0,https://infinitediscs.com/Discraft-Talon,https://infinitediscs.com/Inf_Uploads/Disc_Images/DI-2_12e220e9-bb43-487b-9a9c-efc2f8beffe4DSC00819.jpg
Tracker,Discraft,Control Drivers,Overstable,7.9,4.4,-0.5,3.3,https://infinitediscs.com/Discraft-Tracker,https://infinitediscs.com/Inf_Uploads/Disc_Images/DI-2_fbb7baaf-111b-4b10-908f-33ef9eb5f73cDiscraft Tracker Elite Z.jpg
Undertaker,Discraft,Control Drivers,Overstable,8.9,5.0,-1.0,2.2,https://infinitediscs.com/Discraft-Undertaker,https://infinitediscs.com/Inf_Uploads/Disc_Images/DI-2_8e6e19fd-39da-41e7-9e31-7f7e55b61ae1DSC03740.JPG
Vulture,Discraft,Control Drivers,Overstable,9.7,4.8,-0.1,2.0,https://infinitediscs.com/Discraft-Vulture,https://infinitediscs.com/Inf_Uploads/Disc_Images/DI-2_3eac86-ef50.JPG
XL,Discraft,Control Drivers,Overstable,7.9,5.0,-1.0,1.9,https://infinitediscs.com/Discraft-XL,https://infinitediscs.com/Inf_Uploads/Disc_Images/DI-2_85832e74-4465-45ef-8299-dfa611c04ecaDiscraft XL Elite X.jpg
Xpress,Discraft,Control Drivers,Understable,7.9,4.9,-3.1,0.9,https://infinitediscs.com/Discraft-Xpress,https://infinitediscs.com/Inf_Uploads/Disc_Images/DI-2_43e990ef-5ffc-4271-8a29-f341033d0dc8Discraft XPress Elite Z.jpg
XS,Discraft,Control Drivers,Overstable,8.0,4.9,-2.0,3.0,https://infinitediscs.com/Discraft-XS,https://infinitediscs.com/Inf_Uploads/Disc_Images/DI-2_46fccedd-9928-4255-8594-81468ed9ce71Discraft XS Elite X.jpg
Xtreme,Discraft,Control Drivers,Very Overstable,6.0,3.0,1.0,4.0,https://infinitediscs.com/Discraft-Xtreme,https://infinitediscs.com/Inf_Uploads/Disc_Images/DI-2_Infinite004.jpg
Zombee,Discraft,Control Drivers,Neutral,6.0,4.9,-1.0,0.9,https://infinitediscs.com/Discraft-Zombee,https://infinitediscs.com/Inf_Uploads/Disc_Images/DI-2_f75cd026-e4a2-4f6c-b37a-6057a194b219Discraft Zombee Elite Z.jpg
Archer,Discraft,Mid Range,Understable,6.0,5.0,-3.0,1.0,https://infinitediscs.com/Discraft-Archer,https://infinitediscs.com/Inf_Uploads/Disc_Images/DI-2_DSC02421.jpg
Buzzz,Discraft,Mid Range,Neutral,5.0,4.3,-0.6,1.1,https://infinitediscs.com/Discraft-Buzzz,https://infinitediscs.com/Inf_Uploads/Disc_Images/DI-2_a2140452-de5f-4379-a3ed-d2ac3d6cdf4eDSC03148.JPG
Buzzz GT,Discraft,Mid Range,Overstable,5.0,4.9,0.0,1.3,https://infinitediscs.com/Discraft-Buzzz-GT,https://infinitediscs.com/Inf_Uploads/Disc_Images/DI-2_Infinite1_10.jpg
Buzzz OS,Discraft,Mid Range,Overstable,5.0,3.9,0.0,3.0,https://infinitediscs.com/Discraft-Buzzz-OS,https://infinitediscs.com/Inf_Uploads/Disc_Images/DI-2_e278702f-e94e-483e-b7fc-cd2e8f39d65f100_5260.JPG
Buzzz SS,Discraft,Mid Range,Understable,5.0,4.1,-1.9,1.0,https://infinitediscs.com/Discraft-Buzzz-SS,https://infinitediscs.com/Inf_Uploads/Disc_Images/DI-2_8efd65cc-b89a-42f2-b304-3fbed9c23384Buzzzz-SS-Elite-Z.jpg
Comet,Discraft,Mid Range,Understable,4.1,5.2,-1.8,0.9,https://infinitediscs.com/Discraft-Comet,https://infinitediscs.com/Inf_Uploads/Disc_Images/DI-2_204491fd-aa7f-4c98-9537-b1b1ac431cc2Discraft Comet Elite X.jpg
Drone,Discraft,Mid Range,Very Overstable,5.0,3.4,0.5,3.9,https://infinitediscs.com/Discraft-Drone,https://infinitediscs.com/Inf_Uploads/Disc_Images/DI-2_30bcb2dc-0fd6-4447-88e2-cbfde46a185bDrone-Pro-D.jpg
Glide,Discraft,Mid Range,Understable,5.9,5.0,-3.0,1.8,https://infinitediscs.com/Discraft-Glide,https://infinitediscs.com/Inf_Uploads/Disc_Images/DI-2_29de3d86-1967-42dc-9fff-5017d8f77415Discraft Glide Elite Z.jpg
Hawk,Discraft,Mid Range,Neutral,4.0,5.0,-1.8,1.9,https://infinitediscs.com/Discraft-Hawk,https://infinitediscs.com/Inf_Uploads/Disc_Images/DI-2_04975248-6cb5-4695-8d35-34ca337bdf6dDiscraft Hawk Pro D.jpg
Hornet,Discraft,Mid Range,Very Overstable,5.0,5.0,-0.1,3.8,https://infinitediscs.com/Discraft-Hornet,https://infinitediscs.com/Inf_Uploads/Disc_Images/DI-2_c2ab965b-db54-463c-995b-50c554344573Discraft Hornet Elite Z.jpg
Impact,Discraft,Mid Range,Neutral,5.1,5.0,-1.9,1.9,https://infinitediscs.com/Discraft-Impact,https://infinitediscs.com/Inf_Uploads/Disc_Images/DI-2_cadd9348-22a5-43d9-875f-1b0812035b59Discraft Impact ESP.jpg
Malta,Discraft,Mid Range,Overstable,5.0,4.1,0.5,2.9,https://infinitediscs.com/Discraft-Malta,https://infinitediscs.com/Inf_Uploads/Disc_Images/DI-2_BigMalta.JPG
Meteor,Discraft,Mid Range,Understable,4.2,4.9,-2.8,1.0,https://infinitediscs.com/Discraft-Meteor,https://infinitediscs.com/Inf_Uploads/Disc_Images/DI-2_9b4de78f-3695-426d-bbb8-8d137cbe1c26Meteor-Elite-Z.jpg
Nebula,Discraft,Mid Range,Overstable,5.0,4.0,-0.5,2.0,https://infinitediscs.com/Discraft-Nebula,https://infinitediscs.com/Inf_Uploads/Disc_Images/DI-2_6bfaac26-f4d9-4f58-8d1d-097336e841a2DSC06726.JPG
Sol,Discraft,Mid Range,Very Understable,4.0,4.8,-2.8,0.4,https://infinitediscs.com/Discraft-Sol,https://infinitediscs.com/Inf_Uploads/Disc_Images/DI-2_abc7c0-d02b.JPG
Stratus,Discraft,Mid Range,Understable,5.0,4.9,-3.0,1.0,https://infinitediscs.com/Discraft-Stratus,https://infinitediscs.com/Inf_Uploads/Disc_Images/DI-2_64043713-ac8c-4109-b8de-d9cd21bb0ee5100_4849.JPG
Wasp,Discraft,Mid Range,Overstable,5.0,4.2,0.0,2.5,https://infinitediscs.com/Discraft-Wasp,https://infinitediscs.com/Inf_Uploads/Disc_Images/DI-2_bf477807-77bf-4c89-aef6-1f76680ac85fDiscraft Wasp Elite Z.jpg
APX,Discraft,Putters,Neutral,2.0,3.0,-1.0,0.9,https://infinitediscs.com/Discraft-APX,https://infinitediscs.com/Inf_Uploads/Disc_Images/DI-2_b9a45e1a-54f6-4801-b7da-7a6ba7d37ac0Discraft APX Soft Elite X.jpg
Banger GT,Discraft,Putters,Overstable,2.0,3.0,-0.1,1.0,https://infinitediscs.com/Discraft-Banger-GT,https://infinitediscs.com/Inf_Uploads/Disc_Images/DI-2_a256c174-cab3-4c04-9dd7-72a988b4503bDiscraft Banger GT Pro D.jpg
Challenger,Discraft,Putters,Overstable,2.0,3.0,0.0,1.9,https://infinitediscs.com/Discraft-Challenger,https://infinitediscs.com/Inf_Uploads/Disc_Images/DI-2_47558bf8-7d92-4274-800b-1ee1ea693160Discraft Challenger Pro-D.jpg
Challenger OS,Discraft,Putters,Overstable,2.9,4.8,0.0,2.6,https://infinitediscs.com/Discraft-Challenger-OS,https://infinitediscs.com/Inf_Uploads/Disc_Images/DI-2_challenger0Sp.JPG
Challenger SS,Discraft,Putters,Overstable,2.0,3.9,-0.7,1.7,https://infinitediscs.com/Discraft-Challenger-SS,https://infinitediscs.com/Inf_Uploads/Disc_Images/DI-2_challss.JPG
Fierce,Discraft,Putters,Understable,3.0,4.0,-2.0,0.0,https://infinitediscs.com/Discraft-Fierce,https://infinitediscs.com/Inf_Uploads/Disc_Images/DI-2_rezzies_33.JPG
Focus,Discraft,Putters,Overstable,2.0,3.0,-1.0,1.8,https://infinitediscs.com/Discraft-Focus,https://infinitediscs.com/Inf_Uploads/Disc_Images/DI-2_9cfb2fff-926c-45da-b68c-aeb64e626da0Discraft Focus Pro-D.jpg
Luna,Discraft,Putters,Overstable,3.0,3.1,-0.1,2.2,https://infinitediscs.com/Discraft-Luna,https://infinitediscs.com/Inf_Uploads/Disc_Images/DI-2_Luna-big.png
Magnet,Discraft,Putters,Overstable,2.0,3.0,-1.0,1.9,https://infinitediscs.com/Discraft-Magnet,https://infinitediscs.com/Inf_Uploads/Disc_Images/DI-2_da8d44a9-82a5-4f78-95db-1294d206294bDiscraft Magnet Pro D.jpg
Putt'r,Discraft,Putters,Understable,2.0,3.1,-2.0,0.9,https://infinitediscs.com/Discraft-Puttr,https://infinitediscs.com/Inf_Uploads/Disc_Images/DI-2_DSC00037.jpg
Rattler,Discraft,Putters,Neutral,2.0,3.1,-1.0,1.0,https://infinitediscs.com/Discraft-Rattler,https://infinitediscs.com/Inf_Uploads/Disc_Images/DI-2_15814a5a-9944-482a-ac4d-093ac358d254Discraft Rattler Pro-D.jpg
Ringer,Discraft,Putters,Overstable,3.0,3.8,0.0,1.9,https://infinitediscs.com/Discraft-Ringer,https://infinitediscs.com/Inf_Uploads/Disc_Images/DI-2_6884ccd8-9b7f-44e0-a802-ae24dfa06ecaDSC06685.JPG
Ringer GT,Discraft,Putters,Overstable,3.0,3.0,0.0,2.8,https://infinitediscs.com/Discraft-Ringer-GT,https://infinitediscs.com/Inf_Uploads/Disc_Images/DI-2_ringersolf.JPG
Roach,Discraft,Putters,Overstable,2.1,3.9,-0.3,1.0,https://infinitediscs.com/Discraft-Roach,https://infinitediscs.com/Inf_Uploads/Disc_Images/DI-2_d8db8602-137b-4bc7-acdb-e0debd3d0215DSC00751.JPG
Soft Magnet,Discraft,Putters,Overstable,2.0,3.1,-1.0,1.8,https://infinitediscs.com/Discraft-Soft-Magnet,https://infinitediscs.com/Inf_Uploads/Disc_Images/DI-2_a2fef300-f0d5-4038-ba9e-2b53a29746ebDiscraft Magnet Soft Pro D.jpg
Zone,Discraft,Putters,Overstable,3.8,3.0,0.0,3.0,https://infinitediscs.com/Discraft-Zone,https://infinitediscs.com/Inf_Uploads/Disc_Images/DI-2_18e21f9f-a9f4-484f-af5a-223e020b0fc5Zone-Pro-D.jpg
Captain,Dynamic Discs,Distance Drivers,Neutral,12.7,4.9,-2.1,2.1,https://infinitediscs.com/Dynamic-Discs-Captain,https://infinitediscs.com/Inf_Uploads/Disc_Images/DI-2_asdfasdf_15.JPG
Criminal,Dynamic Discs,Distance Drivers,Very Overstable,10.0,3.1,1.0,4.1,https://infinitediscs.com/Dynamic-Discs-Criminal,https://infinitediscs.com/Inf_Uploads/Disc_Images/DI-2_CRIMINAL.JPG
Defender,Dynamic Discs,Distance Drivers,Overstable,13.0,4.9,0.0,3.1,https://infinitediscs.com/Dynamic-Discs-Defender,https://infinitediscs.com/Inf_Uploads/Disc_Images/DI-2_d45a484b-dc67-4495-a08f-1f24ef6a6089DSC09312.jpg
Enforcer,Dynamic Discs,Distance Drivers,Very Overstable,12.0,4.1,0.3,3.9,https://infinitediscs.com/Dynamic-Discs-Enforcer,https://infinitediscs.com/Inf_Uploads/Disc_Images/DI-2_e45ce6b9-774f-4b57-82a5-78ca5c044320DSC06954.JPG
Freedom,Dynamic Discs,Distance Drivers,Neutral,13.8,5.0,-2.8,2.6,https://infinitediscs.com/Dynamic-Discs-Freedom,https://infinitediscs.com/Inf_Uploads/Disc_Images/DI-2_93df3085-a7e2-48ce-a9e6-aa28c003d1e5DSC01962.jpg
Raider,Dynamic Discs,Distance Drivers,Overstable,12.9,5.0,-0.6,3.0,https://infinitediscs.com/Dynamic-Discs-Raider,https://infinitediscs.com/Inf_Uploads/Disc_Images/DI-2_6f9bd6-a514.JPG
Renegade,Dynamic Discs,Distance Drivers,Overstable,11.0,5.0,-2.1,2.6,https://infinitediscs.com/Dynamic-Discs-Renegade,https://infinitediscs.com/Inf_Uploads/Disc_Images/DI-2_fdf54de5-5edc-4643-9014-e1906d6c53ddDynamic Discs Renegade Lucid.jpg
Sergeant,Dynamic Discs,Distance Drivers,Overstable,11.0,4.0,0.0,2.6,https://infinitediscs.com/Dynamic-Discs-Sergeant,https://infinitediscs.com/Inf_Uploads/Disc_Images/DI-2_gooddisc.JPG
Sheriff,Dynamic Discs,Distance Drivers,Overstable,12.9,5.1,-1.0,2.0,https://infinitediscs.com/Dynamic-Discs-Sheriff,https://infinitediscs.com/Inf_Uploads/Disc_Images/DI-2_f3f71e-fdd6.JPG
Trespass,Dynamic Discs,Distance Drivers,Overstable,11.9,5.0,-1.1,2.8,https://infinitediscs.com/Dynamic-Discs-Trespass,https://infinitediscs.com/Inf_Uploads/Disc_Images/DI-2_01562bd8-ee8d-4928-92ac-04a7a8bcefabDynamic Discs Trespass BioFuzion.jpg
Breakout,Dynamic Discs,Control Drivers,Overstable,8.0,5.1,-1.2,1.5,https://infinitediscs.com/Dynamic-Discs-Breakout,https://infinitediscs.com/Inf_Uploads/Disc_Images/DI-2_3edf0a83-c812-484a-b0e8-2c20ceece8c4Dynamic-Discs-BioFuzion-Breakout-2016-GBO.jpg
Convict,Dynamic Discs,Control Drivers,Overstable,9.0,4.1,-0.6,2.8,https://infinitediscs.com/Dynamic-Discs-Convict,https://infinitediscs.com/Inf_Uploads/Disc_Images/DI-2_DSC00520.jpg
Escape,Dynamic Discs,Control Drivers,Overstable,9.0,5.2,-0.9,1.9,https://infinitediscs.com/Dynamic-Discs-Escape,https://infinitediscs.com/Inf_Uploads/Disc_Images/DI-2_4b5abd6f-8dc3-4bd6-bc59-0828b963aff4Dynamic Discs Escape BioFuzion.jpg
Felon,Dynamic Discs,Control Drivers,Very Overstable,9.0,3.6,0.2,3.9,https://infinitediscs.com/Dynamic-Discs-Felon,https://infinitediscs.com/Inf_Uploads/Disc_Images/DI-2_4d2ba00b-59e7-4cbf-bbcf-e8f98af48a4aDSC00003.JPG
Getaway,Dynamic Discs,Control Drivers,Overstable,9.0,5.1,-0.5,2.8,https://infinitediscs.com/Dynamic-Discs-Getaway,https://infinitediscs.com/Inf_Uploads/Disc_Images/DI-2_asdfasdf_36.JPG
Maverick,Dynamic Discs,Control Drivers,Neutral,7.1,4.3,-1.6,1.8,https://infinitediscs.com/Dynamic-Discs-Maverick,https://infinitediscs.com/Inf_Uploads/Disc_Images/DI-2_Maverick.JPG
Thief,Dynamic Discs,Control Drivers,Overstable,8.0,5.0,-1.4,1.7,https://infinitediscs.com/Dynamic-Discs-Thief,https://infinitediscs.com/Inf_Uploads/Disc_Images/DI-2_1e65d464-4fba-4e97-a74b-c5e38978c10f100_4720.JPG
Vandal,Dynamic Discs,Control Drivers,Overstable,9.0,5.0,-1.3,2.0,https://infinitediscs.com/Dynamic-Discs-Vandal,https://infinitediscs.com/Inf_Uploads/Disc_Images/DI-2_5774e2-90bd.JPG
Witness,Dynamic Discs,Control Drivers,Understable,8.0,6.0,-3.0,1.0,https://infinitediscs.com/Dynamic-Discs-Witness,https://infinitediscs.com/Inf_Uploads/Disc_Images/DI-2_1305797c-a474-4442-8482-885021fe601a100_5513.JPG
EMac Truth,Dynamic Discs,Mid Range,Overstable,5.0,5.0,-0.2,1.9,https://infinitediscs.com/Dynamic-Discs-EMac-Truth,https://infinitediscs.com/Inf_Uploads/Disc_Images/DI-2_bfbc00c2-ce5f-4316-9521-40669a062358DSC09425.jpg
Evidence,Dynamic Discs,Mid Range,Understable,5.0,5.1,-1.0,0.3,https://infinitediscs.com/Dynamic-Discs-Evidence,https://infinitediscs.com/Inf_Uploads/Disc_Images/DI-2_6b2f6898-10d5-463b-90fe-47e05df5b73f1.jpg
Fugitive,Dynamic Discs,Mid Range,Overstable,5.0,5.0,-0.2,1.0,https://infinitediscs.com/Dynamic-Discs-Fugitive,https://infinitediscs.com/Inf_Uploads/Disc_Images/DI-2_de3a8805-5657-4a7a-8d7d-51855627dceeDynamic Discs Fugitive Classic.jpg
Justice,Dynamic Discs,Mid Range,Very Overstable,5.0,2.1,0.5,4.1,https://infinitediscs.com/Dynamic-Discs-Justice,https://infinitediscs.com/Inf_Uploads/Disc_Images/DI-2_d41e4de2-4eb3-4e2f-ba35-d112088536a5Dynamic_Justice.png
Patrol,Dynamic Discs,Mid Range,Understable,5.0,5.0,-3.0,0.6,https://infinitediscs.com/Dynamic-Discs-Patrol,https://infinitediscs.com/Inf_Uploads/Disc_Images/DI-2_asdfasdf_75.JPG
Proof,Dynamic Discs,Mid Range,Understable,5.0,5.0,-3.1,0.9,https://infinitediscs.com/Dynamic-Discs-Proof,https://infinitediscs.com/Inf_Uploads/Disc_Images/DI-2_d27b2153-35c1-4276-9c07-1f7827d0f99eDSC03197.jpg
Suspect,Dynamic Discs,Mid Range,Overstable,4.0,3.1,-0.1,2.8,https://infinitediscs.com/Dynamic-Discs-Suspect,https://infinitediscs.com/Inf_Uploads/Disc_Images/DI-2_be749033-e6c5-47c8-b3a8-e6620be69861DSC04491.JPG
Truth,Dynamic Discs,Mid Range,Neutral,5.0,5.1,-0.7,1.4,https://infinitediscs.com/Dynamic-Discs-Truth,https://infinitediscs.com/Inf_Uploads/Disc_Images/DI-2_5090f8f4-92ca-4250-bbb9-d4d09accbadbTruth-Classic.jpg
Verdict,Dynamic Discs,Mid Range,Overstable,5.1,4.1,-0.1,3.3,https://infinitediscs.com/Dynamic-Discs-Verdict,https://infinitediscs.com/Inf_Uploads/Disc_Images/DI-2_e9a1f581-be96-4be8-952a-1a308974d2eaDSC07078.JPG
Warrant,Dynamic Discs,Mid Range,Understable,5.0,5.0,-1.9,0.1,https://infinitediscs.com/Dynamic-Discs-Warrant,https://infinitediscs.com/Inf_Uploads/Disc_Images/DI-2_36b14ccd-eda9-401c-b67c-3f110f4d43d1Dynamic-Discs-Lucid-Warrant.jpg
Deputy,Dynamic Discs,Putters,Understable,3.0,4.0,-1.4,0.0,https://infinitediscs.com/Dynamic-Discs-Deputy,https://infinitediscs.com/Inf_Uploads/Disc_Images/DI-2_PaigePierceClassicDeputy.jpg
Gavel,Dynamic Discs,Putters,Understable,3.0,5.0,-1.8,0.4,https://infinitediscs.com/Dynamic-Discs-Gavel,https://infinitediscs.com/Inf_Uploads/Disc_Images/DI-2_611838fc-3031-44ab-b8c6-84f34b5cdce7DSC01915.jpg
Guard,Dynamic Discs,Putters,Neutral,2.0,5.0,0.0,0.5,https://infinitediscs.com/Dynamic-Discs-Guard,https://infinitediscs.com/Inf_Uploads/Disc_Images/DI-2_806ede-1017.JPG
Judge,Dynamic Discs,Putters,Overstable,2.1,4.0,0.0,0.8,https://infinitediscs.com/Dynamic-Discs-Judge,https://infinitediscs.com/Inf_Uploads/Disc_Images/DI-2_6f210195-7556-45ab-8a0c-538b8d08ccf7Judge-Classic.jpg
Marshal,Dynamic Discs,Putters,Overstable,3.0,3.6,-0.1,1.2,https://infinitediscs.com/Dynamic-Discs-Marshal,https://infinitediscs.com/Inf_Uploads/Disc_Images/DI-2_DSC00525.jpg
Slammer,Dynamic Discs,Putters,Overstable,2.6,2.1,0.0,3.0,https://infinitediscs.com/Dynamic-Discs-Slammer,https://infinitediscs.com/Inf_Uploads/Disc_Images/DI-2_Slammerjammer.JPG
Warden,Dynamic Discs,Putters,Neutral,2.0,3.5,0.0,0.5,https://infinitediscs.com/Dynamic-Discs-Warden,https://infinitediscs.com/Inf_Uploads/Disc_Images/DI-2_65cbad2d-fb67-4b2d-a684-59eae7ee6ba9Dynamic Discs Warden Classic.jpg
Ape,Innova,Distance Drivers,Very Overstable,13.0,4.9,0.0,4.1,https://infinitediscs.com/Innova-Ape,https://infinitediscs.com/Inf_Uploads/Disc_Images/DI-2_fedf5173-7e91-4aec-8e72-ff3c13c82214DSC08833.JPG
Archon,Innova,Distance Drivers,Neutral,11.0,4.9,-1.9,2.0,https://infinitediscs.com/Innova-Archon,https://infinitediscs.com/Inf_Uploads/Disc_Images/DI-2_c23120c9-fd12-471f-b744-b38729b243beInnova Archon Champion.jpg
Beast,Innova,Distance Drivers,Neutral,10.0,5.0,-2.0,2.0,https://infinitediscs.com/Innova-Beast,https://infinitediscs.com/Inf_Uploads/Disc_Images/DI-2_DSC05754.jpg
Boss,Innova,Distance Drivers,Overstable,13.0,5.0,-0.6,3.0,https://infinitediscs.com/Innova-Boss,https://infinitediscs.com/Inf_Uploads/Disc_Images/DI-2_DSC05742.jpg
Colossus,Innova,Distance Drivers,Overstable,13.9,4.9,-1.9,2.9,https://infinitediscs.com/Innova-Colossus,https://infinitediscs.com/Inf_Uploads/Disc_Images/DI-2_DSC08957.jpg
Corvette,Innova,Distance Drivers,Overstable,13.9,5.9,-1.0,2.0,https://infinitediscs.com/Innova-Corvette,https://infinitediscs.com/Inf_Uploads/Disc_Images/DI-2_918664-d985.JPG
Daedalus,Innova,Distance Drivers,Understable,13.0,5.9,-3.5,1.9,https://infinitediscs.com/Innova-Daedalus,https://infinitediscs.com/Inf_Uploads/Disc_Images/DI-2_C.JPG
Destroyer,Innova,Distance Drivers,Overstable,12.0,5.0,-1.0,3.0,https://infinitediscs.com/Innova-Destroyer,https://infinitediscs.com/Inf_Uploads/Disc_Images/DI-2_signature.JPG
Dominator,Innova,Distance Drivers,Overstable,12.9,4.8,-0.8,2.2,https://infinitediscs.com/Innova-Dominator,https://infinitediscs.com/Inf_Uploads/Disc_Images/DI-2_f62d7c3f-bb2c-4c34-8f5a-728f67036e19Innova Dominator Blizzard.jpg
Firestorm,Innova,Distance Drivers,Overstable,13.7,4.0,-0.3,2.8,https://infinitediscs.com/Innova-Firestorm,https://infinitediscs.com/Inf_Uploads/Disc_Images/DI-2_firestorm_1.JPG
Groove,Innova,Distance Drivers,Neutral,12.7,5.6,-1.5,2.4,https://infinitediscs.com/Innova-Groove,https://infinitediscs.com/Inf_Uploads/Disc_Images/DI-2_e362e50c-f678-42d5-8b38-aee88bf77183Innova Groove Champion.jpg
Invictus,Innova,Distance Drivers,Overstable,10.8,4.0,0.0,3.0,https://infinitediscs.com/Innova-Invictus,https://infinitediscs.com/Inf_Uploads/Disc_Images/DI-2_97af4c-01f1.JPG
Katana,Innova,Distance Drivers,Neutral,13.0,5.0,-2.7,2.9,https://infinitediscs.com/Innova-Katana,https://infinitediscs.com/Inf_Uploads/Disc_Images/DI-2_82ccd246-3b82-4a71-9818-9ebff72ae52eDSC02557.JPG
Krait,Innova,Distance Drivers,Overstable,11.0,5.0,-0.9,2.0,https://infinitediscs.com/Innova-Krait,https://infinitediscs.com/Inf_Uploads/Disc_Images/DI-2_3900638a-f814-4dee-9214-91cf3efd282dInnova Krait Champion.jpg
Mamba,Innova,Distance Drivers,Very Understable,11.0,6.0,-4.8,1.0,https://infinitediscs.com/Innova-Mamba,https://infinitediscs.com/Inf_Uploads/Disc_Images/DI-2_f36d0c87-7208-494d-9228-60baca6f4cc7Innova Mamba Champion.jpg
Max,Innova,Distance Drivers,Very Overstable,11.0,3.0,0.0,5.0,https://infinitediscs.com/Innova-Max,https://infinitediscs.com/Inf_Uploads/Disc_Images/DI-2_e605ed4f-74b8-4a9a-9951-5ccb290e6bd0DSC02027.jpg
Monarch,Innova,Distance Drivers,Very Understable,10.0,5.0,-3.6,1.1,https://infinitediscs.com/Innova-Monarch,https://infinitediscs.com/Inf_Uploads/Disc_Images/DI-2_03a3d230-a923-4259-94b5-1620fe5ec94bInnova Monarch Champion.jpg
Monster,Innova,Distance Drivers,Very Overstable,10.1,2.9,0.1,4.9,https://infinitediscs.com/Innova-Monster,https://infinitediscs.com/Inf_Uploads/Disc_Images/DI-2_95c42895-f744-4f04-aae2-270807e5c362Innova Monster Champion.jpg
Mystere,Innova,Distance Drivers,Neutral,11.0,6.0,-2.2,1.9,https://infinitediscs.com/Innova-Mystere,https://infinitediscs.com/Inf_Uploads/Disc_Images/DI-2_asdfasdf_20.JPG
Orc,Innova,Distance Drivers,Overstable,10.0,4.1,-1.0,3.0,https://infinitediscs.com/Innova-Orc,https://infinitediscs.com/Inf_Uploads/Disc_Images/DI-2_8c11044e-3586-4a59-8cdf-46c7a3ffbb08Orc-DX.jpg
Shryke,Innova,Distance Drivers,Neutral,12.9,6.0,-2.0,2.0,https://infinitediscs.com/Innova-Shryke,https://infinitediscs.com/Inf_Uploads/Disc_Images/DI-2_PINK.JPG
SL,Innova,Distance Drivers,Overstable,10.0,5.0,-1.0,2.0,https://infinitediscs.com/Innova-SL,https://infinitediscs.com/Inf_Uploads/Disc_Images/DI-2_7b577c9c-55ea-4e02-8ed8-fe0cde7c83e1Innova SL Star.jpg
Starfire,Innova,Distance Drivers,Overstable,10.0,4.4,-0.4,2.6,https://infinitediscs.com/Innova-Starfire,https://infinitediscs.com/Inf_Uploads/Disc_Images/DI-2_2177b474-b3c6-4889-85af-d3e550c95a78Innova Starfire DX.jpg
TeeDevil,Innova,Distance Drivers,Overstable,12.0,4.9,-1.2,2.1,https://infinitediscs.com/Innova-TeeDevil,https://infinitediscs.com/Inf_Uploads/Disc_Images/DI-2_3e88e8c7-51e4-440f-822f-3b34185f8f61Innova TeeDevil Blizzard.jpg
TeeRex,Innova,Distance Drivers,Very Overstable,11.0,4.0,-0.2,3.7,https://infinitediscs.com/Innova-TeeRex,https://infinitediscs.com/Inf_Uploads/Disc_Images/DI-2_41b90c88-781e-49dc-92c7-5c48cecc2703Innova TeeRex Star.jpg
Tern,Innova,Distance Drivers,Neutral,12.0,6.0,-2.1,2.0,https://infinitediscs.com/Innova-Tern,https://infinitediscs.com/Inf_Uploads/Disc_Images/DI-2_28642d39-3d51-4d1d-a69a-078759bef96aInnova Tern Champion.jpg
Vulcan,Innova,Distance Drivers,Understable,13.0,5.0,-3.6,2.0,https://infinitediscs.com/Innova-Vulcan,https://infinitediscs.com/Inf_Uploads/Disc_Images/DI-2_318399bf-8320-48c2-9ad0-8a50fcf4a8acInnova Vulcan Pro.jpg
Wahoo,Innova,Distance Drivers,Neutral,12.0,6.0,-2.1,2.0,https://infinitediscs.com/Innova-Wahoo,https://infinitediscs.com/Inf_Uploads/Disc_Images/DI-2_fe08649c-98a7-4bc4-b694-f3acd8505935Innova Wahoo R-Pro.jpg
Wraith,Innova,Distance Drivers,Overstable,11.0,5.0,-1.1,2.9,https://infinitediscs.com/Innova-Wraith,https://infinitediscs.com/Inf_Uploads/Disc_Images/DI-2_d80dcbe4-9606-49b6-bbd0-0468287c84e9DSC03235.JPG
X-Caliber,Innova,Distance Drivers,Very Overstable,12.0,4.8,-0.1,3.8,https://infinitediscs.com/Innova-X-Caliber,https://infinitediscs.com/Inf_Uploads/Disc_Images/DI-2_298cf805-bf18-4c63-a040-f8b13b329ae8IMG_2570.JPG
Archangel,Innova,Control Drivers,Very Understable,8.0,6.0,-4.0,1.3,https://infinitediscs.com/Innova-Archangel,https://infinitediscs.com/Inf_Uploads/Disc_Images/DI-2_26f83ec2-c149-4c3c-8458-aa3146f51224Innova Archangel DX.jpg
Banshee,Innova,Control Drivers,Overstable,7.1,3.1,0.0,3.0,https://infinitediscs.com/Innova-Banshee,https://infinitediscs.com/Inf_Uploads/Disc_Images/DI-2_4d588a74-83b5-414b-a1f5-ab49d184bc2cInnova Banshee DX.jpg
Cheetah,Innova,Control Drivers,Neutral,6.0,4.0,-2.0,2.0,https://infinitediscs.com/Innova-Cheetah,https://infinitediscs.com/Inf_Uploads/Disc_Images/DI-2_85234753-b4f7-4edf-9a3b-32d63cd9e6c2Innova Cheetah DX.jpg
Dragon,Innova,Control Drivers,Neutral,7.9,4.9,-2.3,1.8,https://infinitediscs.com/Innova-Dragon,https://infinitediscs.com/Inf_Uploads/Disc_Images/DI-2_b8c48f72-b1aa-4087-a192-5e4f284cdb94Innova Dragon DX.jpg
Eagle,Innova,Control Drivers,Overstable,7.0,4.0,-0.9,3.0,https://infinitediscs.com/Innova-Eagle,https://infinitediscs.com/Inf_Uploads/Disc_Images/DI-2_b50f1ec4-51b9-4e29-b44b-90ee624d1302Innova Eagle DX.jpg
Firebird,Innova,Control Drivers,Very Overstable,9.0,3.1,0.0,4.0,https://infinitediscs.com/Innova-Firebird,https://infinitediscs.com/Inf_Uploads/Disc_Images/DI-2_a935e349-047d-479f-ad06-d9f3772e37cdInnova Firebird DX.jpg
FL,Innova,Control Drivers,Overstable,9.0,3.2,0.0,2.0,https://infinitediscs.com/Innova-Firebird-FL,https://infinitediscs.com/Inf_Uploads/Disc_Images/DI-2_7c9b1978-f773-49fc-aa46-5f7eb6c86c6bInnova FL Star.jpg
Gargoyle,Innova,Control Drivers,Overstable,6.0,3.0,-1.0,2.0,https://infinitediscs.com/Innova-Gargoyle,https://infinitediscs.com/Inf_Uploads/Disc_Images/DI-2_463d15-98a6.JPG
Gazelle,Innova,Control Drivers,Overstable,6.0,4.0,-0.2,1.9,https://infinitediscs.com/Innova-Gazelle,https://infinitediscs.com/Inf_Uploads/Disc_Images/DI-2_6af44064-8acb-431c-bf29-26893505dee2Innova Gazelle DX.jpg
Leopard,Innova,Control Drivers,Understable,6.0,5.0,-1.9,1.0,https://infinitediscs.com/Innova-Leopard,https://infinitediscs.com/Inf_Uploads/Disc_Images/DI-2_2e0e4051-eebf-4f1c-b75e-25d5cbb35981Innova Leopard Star.jpg
Leopard3,Innova,Control Drivers,Understable,7.0,5.1,-1.8,1.1,https://infinitediscs.com/Innova-Leopard3,https://infinitediscs.com/Inf_Uploads/Disc_Images/DI-2_4a84978e-90e8-44b0-a1a0-20eca6ffdfdcDSC08897.JPG
Pegasus,Innova,Control Drivers,Overstable,7.0,3.9,-0.8,3.0,https://infinitediscs.com/Innova-Pegasus,https://infinitediscs.com/Inf_Uploads/Disc_Images/DI-2_d52f651a-0d68-4f66-afa3-5a3336dc2c32100_4571.JPG
Python,Innova,Control Drivers,Overstable,7.0,3.0,-1.0,2.0,https://infinitediscs.com/Innova-Python,https://infinitediscs.com/Inf_Uploads/Disc_Images/DI-2_19dc7cc6-b586-41b8-b5cb-6463982c9c99100_4569.JPG
Ram,Innova,Control Drivers,Very Overstable,6.3,4.0,1.0,4.0,https://infinitediscs.com/Innova-Ram,https://infinitediscs.com/Inf_Uploads/Disc_Images/DI-2_564ad0-a426.JPG
Raven,Innova,Control Drivers,Neutral,6.0,4.0,-2.0,2.0,https://infinitediscs.com/Innova-Raven,https://infinitediscs.com/Inf_Uploads/Disc_Images/DI-2_ea085e80-aa68-4c1b-bedc-59e2bea0253f100_4578.JPG
Roadrunner,Innova,Control Drivers,Very Understable,9.0,5.1,-3.8,1.1,https://infinitediscs.com/Innova-Roadrunner,https://infinitediscs.com/Inf_Uploads/Disc_Images/DI-2_dc0829bf-7dce-4b01-92cc-3757e7b42217Innova Roadrunner Champion.jpg
Savant,Innova,Control Drivers,Overstable,8.9,5.0,-0.9,2.1,https://infinitediscs.com/Innova-Savant,https://infinitediscs.com/Inf_Uploads/Disc_Images/DI-2_Big-savey.JPG
Sidewinder,Innova,Control Drivers,Understable,9.0,5.0,-2.8,1.1,https://infinitediscs.com/Innova-Sidewinder,https://infinitediscs.com/Inf_Uploads/Disc_Images/DI-2_f1323bd7-adea-4c5e-a4f4-f473a87451f1Innova Sidewinder DX.jpg
TeeBird,Innova,Control Drivers,Overstable,7.0,5.0,-0.1,2.0,https://infinitediscs.com/Innova-TeeBird,https://infinitediscs.com/Inf_Uploads/Disc_Images/DI-2_de383b0f-dea5-4830-9d25-a4349cf26c30Innova Teebird DX.jpg
TeeBird +,Innova,Control Drivers,Overstable,7.0,5.0,0.0,2.0,https://infinitediscs.com/Innova-TeeBird-,https://infinitediscs.com/Inf_Uploads/Disc_Images/DI-2_dd55127d-665d-4bcc-b1e2-d7415730d91fDSC01774.JPG
TeeBird3,Innova,Control Drivers,Overstable,8.0,4.1,0.0,2.1,https://infinitediscs.com/Innova-TeeBird3,https://infinitediscs.com/Inf_Uploads/Disc_Images/DI-2_asdfasdf_6.JPG
Thunderbird,Innova,Control Drivers,Overstable,9.0,5.0,-0.1,2.1,https://infinitediscs.com/Innova-Thunderbird,https://infinitediscs.com/Inf_Uploads/Disc_Images/DI-2_e224896d-504a-4d79-bb9d-cb6e58cc746fDSC02560.JPG
TL,Innova,Control Drivers,Overstable,7.0,5.1,-0.2,1.0,https://infinitediscs.com/Innova-TL,https://infinitediscs.com/Inf_Uploads/Disc_Images/DI-2_fb9d3a49-c33a-4129-a7df-3e1d5984ff0dInnova TL Champion.jpg
TL3,Innova,Control Drivers,Overstable,8.0,4.1,-0.5,1.0,https://infinitediscs.com/Innova-TL3,https://infinitediscs.com/Inf_Uploads/Disc_Images/DI-2_e1e78d-3492.JPG
Valkyrie,Innova,Control Drivers,Neutral,8.9,4.1,-2.0,2.0,https://infinitediscs.com/Innova-Valkyrie,https://infinitediscs.com/Inf_Uploads/Disc_Images/DI-2_8ab52817-a66c-482c-b182-ab0c148493a5Innova Valkyrie Star.jpg
Viking,Innova,Control Drivers,Overstable,9.0,4.0,-1.0,2.0,https://infinitediscs.com/Innova-Viking,https://infinitediscs.com/Inf_Uploads/Disc_Images/DI-2_08503b4e-8f91-4d9c-8388-68e996a0dd1e100_4323.JPG
Viper,Innova,Control Drivers,Very Overstable,6.1,4.1,1.0,5.0,https://infinitediscs.com/Innova-Viper,https://infinitediscs.com/Inf_Uploads/Disc_Images/DI-2_49b3d84c-a459-4b59-8d72-c7a7f3be14f1Innova Viper DX.jpg
Whippet,Innova,Control Drivers,Very Overstable,6.0,3.1,0.9,4.9,https://infinitediscs.com/Innova-Whippet,https://infinitediscs.com/Inf_Uploads/Disc_Images/DI-2_ed99a877-1c7b-4e0a-9460-e948271c275cInnova Whippet DX.jpg
Atlas,Innova,Mid Range,Overstable,5.0,4.8,-0.1,1.0,https://infinitediscs.com/Innova-Atlas,https://infinitediscs.com/Inf_Uploads/Disc_Images/DI-2_ede0afd2-15c6-4024-b0a2-7622bbf042ebInnova Atlas Star Mix.jpg
Avatar,Innova,Mid Range,Overstable,5.0,4.1,0.0,2.0,https://infinitediscs.com/Innova-Avatar,https://infinitediscs.com/Inf_Uploads/Disc_Images/DI-2_6bee76-5816.JPG
Barracuda,Innova,Mid Range,Overstable,5.0,4.0,-2.0,3.0,https://infinitediscs.com/Innova-Barracuda,https://infinitediscs.com/Inf_Uploads/Disc_Images/DI-2_bar.JPG
Bulldog,Innova,Mid Range,Overstable,4.0,3.0,0.0,2.0,https://infinitediscs.com/Innova-Bulldog,https://infinitediscs.com/Inf_Uploads/Disc_Images/DI-2_9e47b99e-76f1-428b-809f-248032d7000f100_4581.JPG
Caiman,Innova,Mid Range,Very Overstable,5.0,2.4,0.0,3.6,https://infinitediscs.com/Innova-Caiman,https://infinitediscs.com/Inf_Uploads/Disc_Images/DI-2_4d157f-f0bd.JPG
Cobra,Innova,Mid Range,Neutral,4.0,5.0,-2.0,1.9,https://infinitediscs.com/Innova-Cobra,https://infinitediscs.com/Inf_Uploads/Disc_Images/DI-2_9e80eb63-d3aa-46c0-9d90-ebc43ff21394Innova Cobra DX.jpg
Commander,Innova,Mid Range,Very Overstable,5.2,3.2,0.0,3.8,https://infinitediscs.com/Innova-Commander,https://infinitediscs.com/Inf_Uploads/Disc_Images/DI-2_DSC03592.jpg
Condor,Innova,Mid Range,Overstable,3.0,4.2,-0.1,1.8,https://infinitediscs.com/Innova-Condor,https://infinitediscs.com/Inf_Uploads/Disc_Images/DI-2_99683b4e-a5bc-4ac5-89a7-9908fb4573c6100_4344.JPG
Coyote,Innova,Mid Range,Neutral,4.0,4.5,-0.7,1.3,https://infinitediscs.com/Innova-Coyote,https://infinitediscs.com/Inf_Uploads/Disc_Images/DI-2_e3d7337f-b1c2-4226-a2cd-088a3b2a3cb4Innova Coyote Star.jpg
Cro,Innova,Mid Range,Overstable,4.9,3.0,0.0,2.0,https://infinitediscs.com/Innova-Cro,https://infinitediscs.com/Inf_Uploads/Disc_Images/DI-2_18685a3f-5e8a-42fa-b8cc-eb1a4068e8f0Cro-DX.jpg
Croc,Innova,Mid Range,Very Overstable,5.3,2.1,0.1,4.8,https://infinitediscs.com/Innova-Croc,https://infinitediscs.com/Inf_Uploads/Disc_Images/DI-2_DSC01961.jpg
Foxbat,Innova,Mid Range,Understable,5.0,5.9,-1.0,0.0,https://infinitediscs.com/Innova-Foxbat,https://infinitediscs.com/Inf_Uploads/Disc_Images/DI-2_ef17b52d-8a0f-4dfa-8e1d-61ed1e2f29a1Foxbat-Overhead.jpg
Gator,Innova,Mid Range,Overstable,5.0,2.1,0.0,3.1,https://infinitediscs.com/Innova-Gator,https://infinitediscs.com/Inf_Uploads/Disc_Images/DI-2_a7f4f63f-d219-4dd4-a074-b898403152f83.jpg
Gator3,Innova,Mid Range,Overstable,4.9,2.1,0.0,3.0,https://infinitediscs.com/Innova-Gator3,https://infinitediscs.com/Inf_Uploads/Disc_Images/DI-2_asdfasdf_54.JPG
Griffin,Innova,Mid Range,Very Overstable,5.0,3.0,1.0,3.0,https://infinitediscs.com/Innova-Griffin,https://infinitediscs.com/Inf_Uploads/Disc_Images/DI-2_dc4b183a-28a5-4640-a90a-fc287f126772100_4580.JPG
Jaguar,Innova,Mid Range,Understable,5.5,6.0,-3.0,2.0,https://infinitediscs.com/Innova-Jaguar,https://infinitediscs.com/Inf_Uploads/Disc_Images/DI-2_8de170-facc.JPG
King Cobra,Innova,Mid Range,Overstable,4.1,5.0,0.0,1.9,https://infinitediscs.com/Innova-King-Cobra,https://infinitediscs.com/Inf_Uploads/Disc_Images/DI-2_2b7a443f-0f6b-4365-b123-f993c625c194Innova King Cobra Champion.jpg
Kite,Innova,Mid Range,Understable,5.0,6.0,-2.9,1.0,https://infinitediscs.com/Innova-Kite,https://infinitediscs.com/Inf_Uploads/Disc_Images/DI-2_d4e07c8e-463a-4f15-b3c8-3c7bd42f6357Innova Kite Star.jpg
Lion,Innova,Mid Range,Overstable,5.0,3.9,0.0,1.9,https://infinitediscs.com/Innova-Lion,https://infinitediscs.com/Inf_Uploads/Disc_Images/DI-2_DSC05012.JPG
Lycan,Innova,Mid Range,Overstable,4.0,5.0,0.0,1.0,https://infinitediscs.com/Innova-Lycan,https://infinitediscs.com/Inf_Uploads/Disc_Images/DI-2_f50bfce8-3744-4645-a7e1-64b26b8fcd8e100_4310.JPG
Makani,Innova,Mid Range,Understable,2.0,7.0,-2.0,0.0,https://infinitediscs.com/Innova-Makani,https://infinitediscs.com/Inf_Uploads/Disc_Images/DI-2_smallmakani.JPG
Mako,Innova,Mid Range,Neutral,4.0,5.0,-0.1,0.0,https://infinitediscs.com/Innova-Mako,https://infinitediscs.com/Inf_Uploads/Disc_Images/DI-2_78b72475-3628-4779-b12c-526fbf857a04Innova Mako Star.jpg
Mako3,Innova,Mid Range,Neutral,5.0,4.2,-0.1,0.1,https://infinitediscs.com/Innova-Mako3,https://infinitediscs.com/Inf_Uploads/Disc_Images/DI-2_547ae85e-138a-4a27-9eda-c688cbdab575Innova Mako 3 Champion.jpg
Manta,Innova,Mid Range,Understable,5.0,5.0,-2.7,1.1,https://infinitediscs.com/Innova-Manta,https://infinitediscs.com/Inf_Uploads/Disc_Images/DI-2_77f568-6063.JPG
Panther,Innova,Mid Range,Understable,5.0,4.0,-1.9,1.0,https://infinitediscs.com/Innova-Panther,https://infinitediscs.com/Inf_Uploads/Disc_Images/DI-2_09f37392-a2b0-4b13-993a-c0dc0c058cbaInnova Panther Champion.jpg
Rancho Roc,Innova,Mid Range,Overstable,4.0,4.0,0.0,2.9,https://infinitediscs.com/Innova-Rancho-Roc,https://infinitediscs.com/Inf_Uploads/Disc_Images/DI-2_0a2118ab-b506-4343-9ebd-b6da66e37671100_4441.JPG
Rat,Innova,Mid Range,Overstable,4.0,2.4,0.0,2.6,https://infinitediscs.com/Innova-Rat,https://infinitediscs.com/Inf_Uploads/Disc_Images/DI-2_Ratata2.JPG
Roc,Innova,Mid Range,Overstable,4.0,4.1,-0.1,2.6,https://infinitediscs.com/Innova-Roc,https://infinitediscs.com/Inf_Uploads/Disc_Images/DI-2_79afdf54-66c2-46c9-bbe7-c27f9e7ed40bInnova Roc DX.jpg
Roc +,Innova,Mid Range,Overstable,4.0,5.0,0.0,2.0,https://infinitediscs.com/Innova-Roc-,https://infinitediscs.com/Inf_Uploads/Disc_Images/DI-2_3a7c89c5-eb44-46e4-a0b7-ae4618b3d14eDSC05019.jpg
Roc3,Innova,Mid Range,Overstable,5.0,4.1,-0.1,2.7,https://infinitediscs.com/Innova-Roc3,https://infinitediscs.com/Inf_Uploads/Disc_Images/DI-2_5bc122fa-bfcd-43fd-a5b3-77056ec0ffc2DSC08847.JPG
RocX3,Innova,Mid Range,Overstable,5.0,4.0,0.0,3.3,https://infinitediscs.com/Innova-RocX3,https://infinitediscs.com/Inf_Uploads/Disc_Images/DI-2_5cf0cc-487d.JPG
Scorpion,Innova,Mid Range,Overstable,5.0,5.0,-1.0,2.0,https://infinitediscs.com/Innova-Scorpion,https://infinitediscs.com/Inf_Uploads/Disc_Images/DI-2_scorpion.JPG
Shark,Innova,Mid Range,Overstable,4.0,4.0,-0.2,1.8,https://infinitediscs.com/Innova-Shark,https://infinitediscs.com/Inf_Uploads/Disc_Images/DI-2_0362ee8d-889a-4591-970c-d45b0e591a89Innova Shark DX.jpg
Shark3,Innova,Mid Range,Overstable,5.0,4.1,-0.1,1.9,https://infinitediscs.com/Innova-Shark3,https://infinitediscs.com/Inf_Uploads/Disc_Images/DI-2_09f6277e-109a-44fa-bae9-6ecee27d8724Innova Shark 3 Champion.jpg
Skeeter,Innova,Mid Range,Neutral,4.9,5.0,-0.9,0.9,https://infinitediscs.com/Innova-Skeeter,https://infinitediscs.com/Inf_Uploads/Disc_Images/DI-2_c5b809ae-ea3c-46ff-8f70-637e04928da9Innova Skeeter Star.jpg
Spider,Innova,Mid Range,Overstable,5.0,3.1,0.0,1.1,https://infinitediscs.com/Innova-Spider,https://infinitediscs.com/Inf_Uploads/Disc_Images/DI-2_e8d5ce3f-40da-4de0-9225-7898ae480d1fInnova Spider DX.jpg
Stingray,Innova,Mid Range,Understable,4.0,4.9,-2.8,1.0,https://infinitediscs.com/Innova-Stingray,https://infinitediscs.com/Inf_Uploads/Disc_Images/DI-2_75c404ac-2219-4556-a0a7-ed736dc9c3b6Innova Stingray Star.jpg
Super Stingray,Innova,Mid Range,Neutral,4.0,5.0,-1.0,1.0,https://infinitediscs.com/Innova-Super-Stingray,https://infinitediscs.com/Inf_Uploads/Disc_Images/DI-2_42b29da1-b710-4ce3-ae35-803fd7a47da8Innova Super Stingray Champion.jpg
VCobra,Innova,Mid Range,Overstable,5.0,5.1,-1.0,1.9,https://infinitediscs.com/Innova-VCobra,https://infinitediscs.com/Inf_Uploads/Disc_Images/DI-2_64a59dd8-3322-4ce1-abc8-c7151706afcfstar-vcobra-green.jpg
VRoc,Innova,Mid Range,Overstable,4.0,3.9,0.0,1.7,https://infinitediscs.com/Innova-VRoc,https://infinitediscs.com/Inf_Uploads/Disc_Images/DI-2_d4a984a9-a091-4875-b283-b2329408690d8.jpg
Wedge,Innova,Mid Range,Understable,4.0,3.1,-3.1,1.0,https://infinitediscs.com/Innova-Wedge,https://infinitediscs.com/Inf_Uploads/Disc_Images/DI-2_68cca88c-e674-46fa-8a1d-271113fcfef6Innova Wedge DX.jpg
Wolf,Innova,Mid Range,Very Understable,4.0,3.1,-3.9,0.9,https://infinitediscs.com/Innova-Wolf,https://infinitediscs.com/Inf_Uploads/Disc_Images/DI-2_93cb177d-123c-4c89-8c7a-64b4f12e33e3Innova Wolf DX.jpg
Wombat,Innova,Mid Range,Neutral,5.0,6.0,-1.2,0.8,https://infinitediscs.com/Innova-Wombat,https://infinitediscs.com/Inf_Uploads/Disc_Images/DI-2_6399a5c6-68ee-4ff2-9f0c-8d27cdf0dd00Innovagstar-wombat.jpg
Wombat3,Innova,Mid Range,Understable,5.0,5.8,-1.2,0.1,https://infinitediscs.com/Innova-Wombat3,https://infinitediscs.com/Inf_Uploads/Disc_Images/DI-2_wombat3.JPG
Ace,Innova,Putters,Understable,2.0,3.0,-2.1,1.0,https://infinitediscs.com/Innova-Ace,https://infinitediscs.com/Inf_Uploads/Disc_Images/DI-2_1b6ef839-5b83-4cab-99e3-e6271479ec78100_4585.JPG
Aero,Innova,Putters,Neutral,3.0,6.0,-0.3,0.0,https://infinitediscs.com/Innova-Aero,https://infinitediscs.com/Inf_Uploads/Disc_Images/DI-2_75454939-49d0-4c8a-920f-ac01b4ef1d27Innova Aero DX.jpg
Aviar,Innova,Putters,Overstable,2.0,3.0,0.0,1.0,https://infinitediscs.com/Innova-Aviar,https://infinitediscs.com/Inf_Uploads/Disc_Images/DI-2_084c81c0-9ff2-483a-9f3b-08d7482f8dc4Innova Aviar DX.jpg
Aviar Classic,Innova,Putters,Neutral,2.0,3.0,0.0,0.0,https://infinitediscs.com/Innova-Aviar-Classic,https://infinitediscs.com/Inf_Uploads/Disc_Images/DI-2_1e16c26b-d4d2-4500-910d-69fa6fd9e10bInnova Aviar Classic DX.jpg
Aviar Driver,Innova,Putters,Overstable,2.0,3.0,0.0,1.9,https://infinitediscs.com/Innova-Aviar-Driver,https://infinitediscs.com/Inf_Uploads/Disc_Images/DI-2_cd98b3-0d12.JPG
Aviar Yeti,Innova,Putters,Overstable,2.0,2.9,0.0,1.0,https://infinitediscs.com/Innova-Aviar-Yeti,https://infinitediscs.com/Inf_Uploads/Disc_Images/DI-2_68e85905-6b84-4fc5-9ca1-ee73adbcd59dInnova Aviar Yeti Pro.jpg
Aviar-X (JK),Innova,Putters,Overstable,2.0,3.0,0.0,1.9,https://infinitediscs.com/Innova-Aviar-X-(JK),https://infinitediscs.com/Inf_Uploads/Disc_Images/DI-2_26660e49-ad20-4aa8-9a5b-d00e7d841d77Innova Aviar JK Pro.jpg
Aviar3,Innova,Putters,Overstable,3.0,2.1,0.0,1.9,https://infinitediscs.com/Innova-Aviar3,https://infinitediscs.com/Inf_Uploads/Disc_Images/DI-2_2ec139-1fc5.JPG
AviarX3,Innova,Putters,Overstable,3.0,2.1,0.0,3.0,https://infinitediscs.com/Innova-AviarX3,https://infinitediscs.com/Inf_Uploads/Disc_Images/DI-2_rezzies_12.JPG
Birdie,Innova,Putters,Neutral,1.0,2.0,0.0,0.0,https://infinitediscs.com/Innova-Birdie,https://infinitediscs.com/Inf_Uploads/Disc_Images/DI-2_bb23825e-5bb0-4ef5-96e8-b907e3b3a07cInnova Birdie DX.jpg
Bullfrog,Innova,Putters,Overstable,3.0,1.2,0.0,1.0,https://infinitediscs.com/Innova-Bullfrog,https://infinitediscs.com/Inf_Uploads/Disc_Images/DI-2_bullfrogmed.jpg
Classic Roc,Innova,Putters,Overstable,3.0,3.0,0.0,2.0,https://infinitediscs.com/Innova-Classic-Roc,https://infinitediscs.com/Inf_Uploads/Disc_Images/DI-2_9111b04d-b00b-44a8-84ac-f3930dcb6813Innova Classic Roc DX.jpg
Colt,Innova,Putters,Neutral,3.1,3.3,-0.9,1.0,https://infinitediscs.com/Innova-Colt,https://infinitediscs.com/Inf_Uploads/Disc_Images/DI-2_41b20783-c6f9-4c02-b7b3-dcf8f28a1515DSC05223.JPG
Coupe,Innova,Putters,Neutral,2.0,3.0,-1.0,1.0,https://infinitediscs.com/Innova-Coupe,https://infinitediscs.com/Inf_Uploads/Disc_Images/DI-2_ce29b520-43b0-4573-a702-1484088a89b1100_4575.JPG
Croc,Innova,Putters,Very Overstable,5.3,2.1,0.1,4.8,https://infinitediscs.com/Innova-Croc,https://infinitediscs.com/Inf_Uploads/Disc_Images/DI-2_DSC01961.jpg
Dart,Innova,Putters,Neutral,3.1,4.1,0.0,0.1,https://infinitediscs.com/Innova-Dart,https://infinitediscs.com/Inf_Uploads/Disc_Images/DI-2_1322fc86-0b68-4c8b-9ed8-fce5ddc06df0Innova Dart DX.jpg
Firefly,Innova,Putters,Overstable,2.0,3.0,0.0,0.9,https://infinitediscs.com/Innova-Firefly,https://infinitediscs.com/Inf_Uploads/Disc_Images/DI-2_630e04-2fec.JPG
Hammer,Innova,Putters,Overstable,2.2,2.0,-1.0,1.8,https://infinitediscs.com/Innova-Hammer,https://infinitediscs.com/Inf_Uploads/Disc_Images/DI-2_f15e3243-845e-4c69-832f-9014ab9492a4100_4566.JPG
Hawg,Innova,Putters,Overstable,2.0,1.0,0.0,3.3,https://infinitediscs.com/Innova-Hawg,https://infinitediscs.com/Inf_Uploads/Disc_Images/DI-2_hog.jpg
Hydra,Innova,Putters,Overstable,3.0,3.0,0.0,2.1,https://infinitediscs.com/Innova-Hydra,https://infinitediscs.com/Inf_Uploads/Disc_Images/DI-2_a1784eb9-81a0-4ef4-b0af-728816f7d09bInnova Hydra DX.jpg
Invader,Innova,Putters,Overstable,3.0,2.1,0.0,1.0,https://infinitediscs.com/Innova-Invader,https://infinitediscs.com/Inf_Uploads/Disc_Images/DI-2_highres_26.JPG
KC Aviar,Innova,Putters,Overstable,2.0,3.0,0.0,2.0,https://infinitediscs.com/Innova-Aviar-KC-Pro,https://infinitediscs.com/Inf_Uploads/Disc_Images/DI-2_edfc8070-2459-4d52-91ab-2e1a83b9d19d14.jpg
Mirage,Innova,Putters,Very Understable,3.1,4.1,-3.0,0.1,https://infinitediscs.com/Innova-Mirage,https://infinitediscs.com/Inf_Uploads/Disc_Images/DI-2_1cd3c6ce-0e59-4f87-bfe9-70c701fb202cDSC02305.jpg
Nova,Innova,Putters,Neutral,2.0,3.0,0.0,0.0,https://infinitediscs.com/Innova-Nova,https://infinitediscs.com/Inf_Uploads/Disc_Images/DI-2_878db3b4-fcb1-41ba-8a39-8a27c9616418DSC00728.JPG
Pig,Innova,Putters,Overstable,3.0,1.0,0.0,3.0,https://infinitediscs.com/Innova-Pig,https://infinitediscs.com/Inf_Uploads/Disc_Images/DI-2_111099e4-145f-4836-ae89-37b7292f880eInnova Pig R-Pro.jpg
Polecat,Innova,Putters,Neutral,1.0,3.0,0.0,0.0,https://infinitediscs.com/Innova-Polecat,https://infinitediscs.com/Inf_Uploads/Disc_Images/DI-2_689576cf-9e0a-4f4a-b464-0f45b34599d2Innova Polecat DX.jpg
Rhyno,Innova,Putters,Overstable,2.0,1.2,0.0,2.8,https://infinitediscs.com/Innova-Rhyno,https://infinitediscs.com/Inf_Uploads/Disc_Images/DI-2_233e313c-437f-48b0-bd1d-0ea64585030dInnova Rhyno DX.jpg
RhynoX,Innova,Putters,Very Overstable,2.0,1.0,0.0,4.0,https://infinitediscs.com/Innova-RhynoX,https://infinitediscs.com/Inf_Uploads/Disc_Images/DI-2_e93e56-bb12.JPG
Sonic,Innova,Putters,Very Understable,1.0,2.1,-3.9,0.1,https://infinitediscs.com/Innova-Sonic,https://infinitediscs.com/Inf_Uploads/Disc_Images/DI-2_6a3c42b3-0ee3-45b1-bd3a-19288752e394Innova Sonic DX.jpg
Stud,Innova,Putters,Overstable,3.0,3.0,0.0,2.0,https://infinitediscs.com/Innova-Stud,https://infinitediscs.com/Inf_Uploads/Disc_Images/DI-2_9f7e49a2-39b3-4748-bfcc-4dafc0571e63DSC02772.JPG
Warhog,Innova,Putters,Overstable,3.0,3.0,0.0,1.0,https://infinitediscs.com/Innova-Warhog,https://infinitediscs.com/Inf_Uploads/Disc_Images/DI-2_1comingsoon_2.jpg
Wedge,Innova,Putters,Understable,4.0,3.1,-3.1,1.0,https://infinitediscs.com/Innova-Wedge,https://infinitediscs.com/Inf_Uploads/Disc_Images/DI-2_68cca88c-e674-46fa-8a1d-271113fcfef6Innova Wedge DX.jpg
Whale,Innova,Putters,Overstable,2.0,3.1,0.0,1.0,https://infinitediscs.com/Innova-Whale,https://infinitediscs.com/Inf_Uploads/Disc_Images/DI-2_137e56b1-2b3f-48c0-b0d5-8e2e51e816d41.jpg
XD,Innova,Putters,Neutral,3.0,4.0,-1.0,1.0,https://infinitediscs.com/Innova-XD,https://infinitediscs.com/Inf_Uploads/Disc_Images/DI-2_b763376e-9866-45eb-9da6-40b8506feef7Innova XD DX.jpg
XD +,Innova,Putters,Neutral,3.0,4.0,-0.9,0.9,https://infinitediscs.com/Innova-XD-,https://infinitediscs.com/Inf_Uploads/Disc_Images/DI-2_d0c80f48-184a-40fc-803f-f7bf1d387744DSC06442.JPG
Zephyr,Innova,Putters,Neutral,1.9,3.2,-0.1,0.0,https://infinitediscs.com/Innova-Zephyr,https://infinitediscs.com/Inf_Uploads/Disc_Images/DI-2_8da84810-045e-4fdd-a381-f5d9fd532c84100_4345.JPG
Ballista,Latitude 64,Distance Drivers,Overstable,13.9,4.8,-0.9,2.9,https://infinitediscs.com/Latitude-64-Ballista,https://infinitediscs.com/Inf_Uploads/Disc_Images/DI-2_c5673b3b-fb95-4846-a691-67cb91626e8cDSC09978.JPG
Ballista Pro,Latitude 64,Distance Drivers,Overstable,13.9,4.4,-0.3,2.9,https://infinitediscs.com/Latitude-64-Ballista-Pro,https://infinitediscs.com/Inf_Uploads/Disc_Images/DI-2_BallistaPro_1.jpg
Blitz,Latitude 64,Distance Drivers,Very Overstable,11.9,3.3,0.0,3.8,https://infinitediscs.com/Latitude-64-Blitz,https://infinitediscs.com/Inf_Uploads/Disc_Images/DI-2_40e37a9c-39b1-45d4-b374-bb49f2ec659dL64 Blitz Opto.jpg
Bolt,Latitude 64,Distance Drivers,Overstable,13.0,6.0,-2.3,2.6,https://infinitediscs.com/Latitude-64-Bolt,https://infinitediscs.com/Inf_Uploads/Disc_Images/DI-2_079843c9-ad77-413f-99cd-15aa1078e9dcL64 Bolt Opto.jpg
Cutlass,Latitude 64,Distance Drivers,Overstable,12.9,4.9,0.0,3.3,https://infinitediscs.com/Latitude-64-Cutlass,https://infinitediscs.com/Inf_Uploads/Disc_Images/DI-2_bc93c16c-297c-4295-8fb6-2e5cd78812c3DSC09985.JPG
Flow,Latitude 64,Distance Drivers,Overstable,11.0,5.9,-0.7,2.1,https://infinitediscs.com/Latitude-64-Flow,https://infinitediscs.com/Inf_Uploads/Disc_Images/DI-2_e1b3450a-0fd4-4c70-a66c-062f2a896372L64 Flow Opto.jpg
Gladiator,Latitude 64,Distance Drivers,Overstable,13.0,5.0,0.0,3.3,https://infinitediscs.com/Latitude-64-Gladiator,https://infinitediscs.com/Inf_Uploads/Disc_Images/DI-2_glad.JPG
Halo,Latitude 64,Distance Drivers,Overstable,12.9,5.0,-0.6,2.8,https://infinitediscs.com/Latitude-64-Halo,https://infinitediscs.com/Inf_Uploads/Disc_Images/DI-2_745cb55d-f554-462c-b501-1ce504ab8083L64 Halo Gold.jpg
Havoc,Latitude 64,Distance Drivers,Overstable,12.9,5.1,-1.3,2.6,https://infinitediscs.com/Latitude-64-Havoc,https://infinitediscs.com/Inf_Uploads/Disc_Images/DI-2_3a6dbb04-d10a-496e-ac65-bedcedafb2b0L64 Havoc Opto.jpg
Knight,Latitude 64,Distance Drivers,Overstable,14.0,4.2,-1.6,3.6,https://infinitediscs.com/Latitude-64-Knight,https://infinitediscs.com/Inf_Uploads/Disc_Images/DI-2_d3cbcfe7-99d1-49d6-8dce-1bb9ee550f11DSC09382.jpg
Missilen,Latitude 64,Distance Drivers,Very Overstable,14.9,3.2,-0.4,4.0,https://infinitediscs.com/Latitude-64-Missilen,https://infinitediscs.com/Inf_Uploads/Disc_Images/DI-2_a3c36349-e7b8-4ee1-ab6a-eb26e808aa792.jpg
Musket,Latitude 64,Distance Drivers,Overstable,10.0,5.0,-0.7,2.3,https://infinitediscs.com/Latitude-64-Musket,https://infinitediscs.com/Inf_Uploads/Disc_Images/DI-2_0cfa1d-030f.JPG
Raketen,Latitude 64,Distance Drivers,Overstable,14.5,3.6,-2.1,2.7,https://infinitediscs.com/Latitude-64-Raketen,https://infinitediscs.com/Inf_Uploads/Disc_Images/DI-2_aca4ff7f-cbce-4dcb-bd3b-08587a73542cDSC04830.JPG
Recoil,Latitude 64,Distance Drivers,Overstable,12.0,4.1,0.0,3.0,https://infinitediscs.com/Latitude-64-Recoil,https://infinitediscs.com/Inf_Uploads/Disc_Images/DI-2_051159-64e7.jpg
Riot,Latitude 64,Distance Drivers,Overstable,11.0,4.0,-0.9,2.1,https://infinitediscs.com/Latitude-64-Riot,https://infinitediscs.com/Inf_Uploads/Disc_Images/DI-2_2bb012a8-ce36-4048-b2d2-2fcd4e4b4a49L64 Riot Gold.jpg
Sapphire,Latitude 64,Distance Drivers,Neutral,10.0,6.0,-1.8,1.6,https://infinitediscs.com/Latitude-64-Sapphire,https://infinitediscs.com/Inf_Uploads/Disc_Images/DI-2_BIGSAPHIRE.JPG
Scythe,Latitude 64,Distance Drivers,Very Overstable,12.0,3.2,0.0,4.0,https://infinitediscs.com/Latitude-64-Scythe,https://infinitediscs.com/Inf_Uploads/Disc_Images/DI-2_4bd8c3e8-8c34-41ec-9525-57d0778d3d01100_4352.JPG
Stiletto,Latitude 64,Distance Drivers,Very Overstable,13.0,2.7,0.8,5.3,https://infinitediscs.com/Latitude-64-Stiletto,https://infinitediscs.com/Inf_Uploads/Disc_Images/DI-2_df66c35e-65fa-491d-85e7-6ccd5b1432a9100_4508.JPG
Villain,Latitude 64,Distance Drivers,Very Overstable,12.0,4.0,-0.2,3.7,https://infinitediscs.com/Latitude-64-Villain,https://infinitediscs.com/Inf_Uploads/Disc_Images/DI-2_e2bd242c-f3fe-4a77-9277-d523b1e01c1d7.jpg
Bryce,Latitude 64,Control Drivers,Neutral,9.0,6.0,-1.8,1.9,https://infinitediscs.com/Latitude-64-Bryce,https://infinitediscs.com/Inf_Uploads/Disc_Images/DI-2_d95248-8974.JPG
Culverin,Latitude 64,Control Drivers,Overstable,9.0,5.0,-0.3,2.9,https://infinitediscs.com/Latitude-64-Culverin,https://infinitediscs.com/Inf_Uploads/Disc_Images/DI-2_875e4bfe-9641-4647-9299-937c37a402a6Latitude-64-Opto-Culverin.jpg
Diamond,Latitude 64,Control Drivers,Understable,8.0,6.0,-3.1,1.0,https://infinitediscs.com/Latitude-64-Diamond,https://infinitediscs.com/Inf_Uploads/Disc_Images/DI-2_d7f36ea4-e8b0-4dbb-bb02-cd772ab2c9cdL64 Diamond Opto.jpg
Explorer,Latitude 64,Control Drivers,Overstable,7.0,5.0,-0.1,2.0,https://infinitediscs.com/Latitude-64-Explorer,https://infinitediscs.com/Inf_Uploads/Disc_Images/DI-2_explorehigh.JPG
Falchion,Latitude 64,Control Drivers,Overstable,8.5,5.6,-1.1,2.0,https://infinitediscs.com/Latitude-64-Falchion,https://infinitediscs.com/Inf_Uploads/Disc_Images/DI-2_86f4fe17-ead4-4d9c-865e-743971b3f63bDSC00026.jpg
Fury,Latitude 64,Control Drivers,Understable,8.9,6.5,-2.1,1.3,https://infinitediscs.com/Latitude-64-Fury,https://infinitediscs.com/Inf_Uploads/Disc_Images/DI-2_e63b1b1a-8354-4eb1-8cf0-6c35cafdda2bL64 Fury Opto.jpg
Jade,Latitude 64,Control Drivers,Understable,9.0,5.0,-2.0,1.4,https://infinitediscs.com/Latitude-64-Jade,https://infinitediscs.com/Inf_Uploads/Disc_Images/DI-2_8e6b995f-cee6-467f-a337-cc9e4303ae091.jpg
Maul,Latitude 64,Control Drivers,Understable,7.0,6.9,-2.2,1.0,https://infinitediscs.com/Latitude-64-Maul,https://infinitediscs.com/Inf_Uploads/Disc_Images/DI-2_3ff2555a-ce06-4c5b-8e53-f510704398f8maul.jpg
Pioneer,Latitude 64,Control Drivers,Very Overstable,9.0,3.0,0.0,3.9,https://infinitediscs.com/Latitude-64-Pioneer,https://infinitediscs.com/Inf_Uploads/Disc_Images/DI-2_pioneer.jpg
Primitus,Latitude 64,Control Drivers,Overstable,9.0,5.0,0.0,2.0,https://infinitediscs.com/Latitude-64-Primitus,https://infinitediscs.com/Inf_Uploads/Disc_Images/DI-2_5dc5aeb3-1c99-4e37-ab26-76363b121af8DSC02421.JPG
River,Latitude 64,Control Drivers,Neutral,7.0,6.9,-1.1,1.1,https://infinitediscs.com/Latitude-64-River,https://infinitediscs.com/Inf_Uploads/Disc_Images/DI-2_e750870d-8c3d-4950-b1ae-7a1c72e3b610L64 River Gold.jpg
River Pro,Latitude 64,Control Drivers,Overstable,6.4,5.0,-0.2,2.1,https://infinitediscs.com/Latitude-64-River-Pro,https://infinitediscs.com/Inf_Uploads/Disc_Images/DI-2_RiverPro.jpg
Saint,Latitude 64,Control Drivers,Overstable,9.0,6.8,-1.4,1.9,https://infinitediscs.com/Latitude-64-Saint,https://infinitediscs.com/Inf_Uploads/Disc_Images/DI-2_ed290642-6940-45bf-a4c9-3b6db6a96e4eL64 Saint Opto.jpg
Saint Pro,Latitude 64,Control Drivers,Overstable,8.4,6.0,-0.4,2.6,https://infinitediscs.com/Latitude-64-Saint-Pro,https://infinitediscs.com/Inf_Uploads/Disc_Images/DI-2_80dcf2ec-a958-471e-8561-62e81c2796c0L64 Saint Pro Opto.jpg
Spark,Latitude 64,Control Drivers,Overstable,7.1,4.1,-0.2,2.6,https://infinitediscs.com/Latitude-64-Spark,https://infinitediscs.com/Inf_Uploads/Disc_Images/DI-2_7706dbc6-82ad-46dd-8962-cd7d8efff7ecDSC06525.JPG
Striker,Latitude 64,Control Drivers,Overstable,8.2,5.0,-0.1,1.9,https://infinitediscs.com/Latitude-64-Striker,https://infinitediscs.com/Inf_Uploads/Disc_Images/DI-2_ec85336d-d2db-4697-b8a7-201598b84cab100_5247.JPG
Trident,Latitude 64,Control Drivers,Very Overstable,5.8,3.2,-0.2,3.9,https://infinitediscs.com/Latitude-64-Trident,https://infinitediscs.com/Inf_Uploads/Disc_Images/DI-2_17118f7c-97cd-49d0-8aaf-819e00157f7f1.jpg
Vision,Latitude 64,Control Drivers,Overstable,8.0,6.1,-1.4,1.9,https://infinitediscs.com/Latitude-64-Vision,https://infinitediscs.com/Inf_Uploads/Disc_Images/DI-2_75ea1e0b-7de0-4284-b64e-22a4688fc42c4.jpg
XXX,Latitude 64,Control Drivers,Very Overstable,7.2,2.8,0.0,4.4,https://infinitediscs.com/Latitude-64-XXX,https://infinitediscs.com/Inf_Uploads/Disc_Images/DI-2_5b66a920-cdf5-4de2-8643-a958293e78d93.jpg
Zion,Latitude 64,Control Drivers,Overstable,9.0,3.8,-0.6,3.0,https://infinitediscs.com/Latitude-64-Zion,https://infinitediscs.com/Inf_Uploads/Disc_Images/DI-2_optoGbryce.jpg
Anchor,Latitude 64,Mid Range,Overstable,5.0,4.0,0.0,2.8,https://infinitediscs.com/Latitude-64-Anchor,https://infinitediscs.com/Inf_Uploads/Disc_Images/DI-2_anchor_1.JPG
Claymore,Latitude 64,Mid Range,Neutral,5.0,5.0,-0.7,1.0,https://infinitediscs.com/Latitude-64-Claymore,https://infinitediscs.com/Inf_Uploads/Disc_Images/DI-2_5c6d61b6-a906-4de0-a944-1b248175f0bf100_4711.JPG
Compass,Latitude 64,Mid Range,Overstable,4.9,4.9,0.0,1.0,https://infinitediscs.com/Latitude-64-Compass,https://infinitediscs.com/Inf_Uploads/Disc_Images/DI-2_9c070d76-2b0d-4ee2-bdd8-8f15727830a4DSC09988.JPG
Core,Latitude 64,Mid Range,Neutral,5.4,5.0,-0.8,1.0,https://infinitediscs.com/Latitude-64-Core,https://infinitediscs.com/Inf_Uploads/Disc_Images/DI-2_87e3466b-4298-4992-aaea-91e009f9c7aaL64 Core Opto.jpg
Fuji,Latitude 64,Mid Range,Overstable,4.1,4.1,-0.1,1.9,https://infinitediscs.com/Latitude-64-Fuji,https://infinitediscs.com/Inf_Uploads/Disc_Images/DI-2_898156-fc06.jpg
Fuse,Latitude 64,Mid Range,Understable,5.0,6.2,-1.3,0.3,https://infinitediscs.com/Latitude-64-Fuse,https://infinitediscs.com/Inf_Uploads/Disc_Images/DI-2_55b4ce06-cc3e-4947-b3b1-974366141c25L64 Fuse Opto.jpg
Gobi,Latitude 64,Mid Range,Overstable,5.7,5.2,-0.5,1.1,https://infinitediscs.com/Latitude-64-Gobi,https://infinitediscs.com/Inf_Uploads/Disc_Images/DI-2_e3822f-e812.JPG
Mace,Latitude 64,Mid Range,Overstable,5.0,5.0,0.0,1.9,https://infinitediscs.com/Latitude-64-Mace,https://infinitediscs.com/Inf_Uploads/Disc_Images/DI-2_eb9de5ea-f51a-48aa-ba1f-ae6748afe2e0L64 Mace Gold.jpg
Medius,Latitude 64,Mid Range,Overstable,5.0,5.0,-1.0,2.0,https://infinitediscs.com/Latitude-64-Medius,https://infinitediscs.com/Inf_Uploads/Disc_Images/DI-2_95e18331-e17b-4b2f-bd6c-89b16ebfc1a4DSC02419.JPG
Pain,Latitude 64,Mid Range,Overstable,4.1,4.0,-0.1,3.1,https://infinitediscs.com/Latitude-64-Pain,https://infinitediscs.com/Inf_Uploads/Disc_Images/DI-2_1300c86e-e651-44aa-b254-de5a1ab4b3dbL64 Pain Gold.jpg
Pearl,Latitude 64,Mid Range,Very Understable,4.1,6.0,-4.1,0.2,https://infinitediscs.com/Latitude-64-Pearl,https://infinitediscs.com/Inf_Uploads/Disc_Images/DI-2_11c65e12-04b1-4f9b-96c4-b9d2a239676fL64 Pearl Recycled.jpg
Trident,Latitude 64,Mid Range,Very Overstable,5.8,3.2,-0.2,3.9,https://infinitediscs.com/Latitude-64-Trident,https://infinitediscs.com/Inf_Uploads/Disc_Images/DI-2_17118f7c-97cd-49d0-8aaf-819e00157f7f1.jpg
Beetle,Latitude 64,Putters,Understable,1.0,6.9,-1.1,0.0,https://infinitediscs.com/Latitude-64-Beetle,https://infinitediscs.com/Inf_Uploads/Disc_Images/DI-2_beetle1_1.JPG
Caltrop,Latitude 64,Putters,Overstable,2.0,2.1,0.0,2.0,https://infinitediscs.com/Latitude-64-Caltrop,https://infinitediscs.com/Inf_Uploads/Disc_Images/DI-2_DSC00639.jpg
Dagger,Latitude 64,Putters,Overstable,2.0,4.7,0.0,1.3,https://infinitediscs.com/Latitude-64-Dagger,https://infinitediscs.com/Inf_Uploads/Disc_Images/DI-2_67f3d6-8ef1.JPG
Gauntlet,Latitude 64,Putters,Overstable,2.1,4.2,0.0,1.0,https://infinitediscs.com/Latitude-64-Gauntlet,https://infinitediscs.com/Inf_Uploads/Disc_Images/DI-2_62040fa2-0d62-4628-84be-bcbde22290f2Latitude-64-Zero-Medium-Gauntlet.jpg
Keystone,Latitude 64,Putters,Neutral,2.1,5.0,-1.0,0.9,https://infinitediscs.com/Latitude-64-Keystone,https://infinitediscs.com/Inf_Uploads/Disc_Images/DI-2_highres_2.JPG
Macana,Latitude 64,Putters,Overstable,2.0,5.0,0.0,1.0,https://infinitediscs.com/Latitude-64-Macana,https://infinitediscs.com/Inf_Uploads/Disc_Images/DI-2_4ae5fdf0-2cb2-49a3-b396-699d4ad3bbf2Latitude-64-Zero-Medium-Macana.jpg
Mercy,Latitude 64,Putters,Overstable,2.1,4.0,0.0,1.0,https://infinitediscs.com/Latitude-64-Mercy,https://infinitediscs.com/Inf_Uploads/Disc_Images/DI-2_f4c80f3e-e008-43d6-a72f-bc5a3178afb7L64 Mercy Strawberry.jpg
Pure,Latitude 64,Putters,Overstable,3.0,3.2,-0.5,0.6,https://infinitediscs.com/Latitude-64-Pure,https://infinitediscs.com/Inf_Uploads/Disc_Images/DI-2_f1c17d98-83a9-49db-afa6-0a4c29f133f3L64 Pure Opto.jpg
Ruby,Latitude 64,Putters,Understable,3.0,4.8,-3.0,0.9,https://infinitediscs.com/Latitude-64-Ruby,https://infinitediscs.com/Inf_Uploads/Disc_Images/DI-2_05e61065-304b-4dbf-bf17-55b39a2b3239L64 Ruby Opto.jpg
Sarek,Latitude 64,Putters,Overstable,2.1,4.2,-0.1,1.4,https://infinitediscs.com/Latitude-64-Sarek,https://infinitediscs.com/Inf_Uploads/Disc_Images/DI-2_844be7-8f1d.JPG
Sinus,Latitude 64,Putters,Overstable,2.1,1.9,0.0,2.4,https://infinitediscs.com/Latitude-64-Sinus,https://infinitediscs.com/Inf_Uploads/Disc_Images/DI-2_57462a3b-587a-4c56-bb23-39736f0edc88DSC03508.JPG
Spike,Latitude 64,Putters,Neutral,3.9,2.7,-1.0,0.9,https://infinitediscs.com/Latitude-64-Spike,https://infinitediscs.com/Inf_Uploads/Disc_Images/DI-2_637816c6-3823-4e0f-93fc-48169426c6ba23.jpg
